101 Dalmatians - Escape From DeVil Manor (1997);101Dalma
1942 - The Pacific Air War Gold (1994);1942-The
20,000 Leagues Under The Sea (1995);20k3x
Activision's Atari 2600 Action Pack (1995);2600p1
Activision's Atari 2600 Action Pack 2 (1995);2600p2
Second Conflict (1991);2ndConf
3D Atlas '98 (1997);3DAtlas
3-D Dinosaur Adventure Anniversary Edition (1997);3DDino3x
3D Maze (1991);3DMaze
3DPC (1993);3DPC
3D Thinking Lab (1998);3DThinki
3-D Ultra Pinball (1995);3DUP
3-D Ultra Pinball - Creep Night (1996);3DUPCN
3-D Ultra Pinball - The Lost Continent (1997);3DUPLC
3-D Ultra Minigolf (1997);3DUPMG
Four Footed Friends (1994);4FootFnd
4 Play (1993);4play
9 - The Last Resort (1996);9-TheLas
Nine Worlds (1996);9Worlds
A to Zap! (1995);A2Zap
Amazing Animals Activity Pack (1997);AAAC
Alice's Adventures in Wonderland (1995);AAiW
Awesome Adventures of Victor Vector and Yondo - The Cyberplasm Formula (1995);AAVVCybe
Awesome Adventures of Victor Vector and Yondo - The Last Dinosaur Egg (1993);AAVVDino
Awesome Adventures of Victor Vector and Yondo - The Hypnotic Harp (1993);AAVVHypn
Awesome Adventures of Victor Vector and Yondo - The Vampire's Coffin (1993);AAVVVamp
Abalone (1999);Abalone
Adventures of Batman and Robin, The - Cartoon Maker (1995);abrCM
Ace Ventura (1996);AceVentu
Achtung Spitfire (1997);AchtungS
After Dark 3.2 (1995);adark3
Adventures of Batman and Robin, The - Activity Center (1996);AdvBRAC
Adventures With Oslo - Tools and Gadgets (1994);AdvOslo
Adventures of Pinocchio, The (1996);AdvPinoc
Adventures of Valdo and Marie, The (1997);AdvVald
Aesop's Fables (1994);AesopF
AFL Finals Fever (1996);AFLFinal
Africa Trail (1997);AfricaTr
Age of Sail (1996);AgeofSai
Air Havoc Controller (1994);AirHavoc
Alge-Blaster 3 (1994);Alge-Bla
Alien Arcade (1994);aliarca
Alice - Interactive Museum (1994);Alice-In
Alien Force (1990);AlienFor
Aliens (1993);Aliens3x
AlienTic (1992);AlienTic
Alien Tales (1995);AliTales
Allied General (1995);AlliedGe
Gigglebone Gang, The - Alphabonk Farm (1994);alphbonk
Al Unser, Jr. Arcade Racing (1995);AlUnserJ
Amanda Stories (1991);AmandaSt
Amazing Mazez to Amaze (1997);AmazingM
Amazon Skulls (1993);AmazonSk
3D Pumpkin Puzzles (1998);Amb3DPP
AI v2 (1998);ambAI
Hero's Adventure (1996);ambHA
Kid's Pumpkin Puzzles (1998);AmbKPP
Meteor Mash (1997);ambMash
Mission - Caduceus (1997);ambMC
Mystery Egg (1999);AmbME
Monster in the Park (1999);AmbMitP
Night Before Christmas (1999);ambNBC
Off the Tracks (1998);AmbOtT
Pharoah's Curse (1998);ambPC
Reindeer Mazes (1997);AmbRein
Robin and Marian (1997);ambRM
Space Doubt (1996);ambSD
Secret of Easter Island, The (1996);ambSEI
Shark! (1999);ambShrk
Vampire (1996);ambVamp
Valentine Puzzles '98 (1998);AmbVP
Will, The (1999);ambWill
American Civil War - From Sumter to Appomattox (1996);Ameri3x
American Girls Premiere, The (1997);AmGirl
Anastasia - Adventures with Pooka and Bartok! (1999);Anastasi
Animation Hangman (1996);AniHang
AnnaTommy (1994);AnnaTomm
Anyone for Cards (1994);Anyonefo
APBA presents - Baseball for Windows (1995);APBABBall
Aquaman - War of the Water Worlds (1996);Aquaman-
Arcade America (1996);ArcadeAm
Arcade Mania (1995);ArcadeMa
Arc of Doom (1994);ArcofDoo
Area D (1997);AreaD
Arthur's Birthday (1994);arthbday
Arthur's Reading Race (1996);ArthursR
ArtRageous! (1995);ArtRageo
AssTroids (1999);Asstroid
Astronomica - The Quest for the Edge of the Universe (1994);Astronom
Amazon Trail, The (1993);AT3x
Atmoids (1990);Atmoids
Atmosfear - The Third Dimension (1995);Atmosfea
Atomic Chill (1996);AtomChll
Atomic (1993);Atomic
Avalon Casinos (1996);AvalonCa
Aviation Adventure (1994);AviAdv
AweSome Animated Monster Maker (1997);AweMM
Baba Yaga and The Magic Geese (1995);BabaYaga
Babes in Toyland (1997);BabesinT
Babylon 5 - Shadow Wars (1997);Babylon5
Backyard Baseball (1997);BackBase
Backstreet Boys - Puzzles in Motion (1999);Backstre
Backyard Soccer (1998);Backyard
Residents, The - Bad Day on the Midway (1995);BadDayM
Bad Mojo (1996);BadMojo
Bad Toys (1995);BadToys
Bailey's Book House (1993);BaileysB
Bally (1999);bally3x
Bow and Arrow (1992);banda
Bang! Bang! (1990);Bang!Ban
Barbie Fashion Designer (1996);BarbieFa
Barbie and Her Magical House (1994);BarbieHo
Barbie Storymaker (1996);BarbStor
Barkanoid (1997);Barkanoi
Barry the Bear (1994);BaryBear
Baseball's Greatest Hits (1994);basebGH
Batman - Partners in Peril (1996);Batman-P
BattleStar (1996);BatStar
Battle Hamster (1995);battham
Battle Beast (1995);BattleBe
Battle Isle 2220 - Shadow of the Emperor (1996);BattleIs
Battle Sat (1991);BattleSa
BBC Mastermind (1996);BBCMast
Berenstain Bears, The - Get in a Fight (1995);BBearFig
Blinky Bill's Ghost Cave (1996);BBGhCave
Berenstain Bears, The - In The Dark (1996);BBitD
Battle Chess Enhanced (1991);bchscd3x
Battle Chess (1991);BCw
Beauty and the Beast (1996)(Memorex);Beast96
Between Earth And The End Of Time (1996);BEatEoT
Beetle Run (1995);BeetleRu
Bermuda Syndrome (1996);BermudaS
Betrayal in Antara (1997);BetAntar
Beyond the Wall of Stars (1992);Beyondth
Beyond Time (1997);BeyondTi
Battleground 2 - Gettysburg (1996);bg2Get
Battleground 3 - Waterloo (1996);bg3wat
Battleground 4 - Shiloh (1996);bg4Shi
Battleground 5 - Antietam (1996);bg5Ant
Battleground 6 - Napoleon in Russia (1997);bg6NiR
Battleground 7 - Bull Run (1997);bg7Bull
Battleground 8 - Prelude to Waterloo (1997);bg8PW
Battleground - Ardennes (1995);bgArd
Better Home And Gardens Cool Crafts (1994);BHGCC
Better Home And Gardens Complete Guide To Gardening (1999);BHGCCG
Beat the House (1995);BHous3x
Blue Ice (1995);BIce3x
Bicycle Poker (1996);BicPK
Bicycle Pinochle (1997);BicycleP
Bicycle Solitaire (1996);BicycleS
Big Job (1996);BigJob
Bicycle Casino - Blackjack, Poker, Baccarat, Roulette (1995);bikecasi
Backgammon (1990);bkgam3x
Book of Shadowboxes, The (1995);bkshadbx
Blades of Exile (1999);BlaExil
Blinky Bill And The Magician (1999);BlinkyBi
Blitzer (1991);Blitzer
Blob Factory (1996);BlobFact
Block Breaker (1992);BlockBre
Blown Away (1994);BlownAwa
Blue Heat - The Case of the Cover Girl Murders (1997);BlueHeat
Welcome to Bodyland (1994);bodyland
BogOut (1992);BogOut
Backpacker - The Lost Florence Gold Mine (1997);bpackLGM
Brain Games For Windows (1992);BrainGam
Brainiacs (1995);Brainiac
Breakout 3000 (1999);Breakout
BreakThru! (1994);BreakThr
Brer Rabbit and the Wonderful Tar Baby (1991);BrerRabb
Brick Breaker II Turbo (1994);BrickBre
Brickbuster (1995);Brickbus
Battleship (1998);Bship3x
Bug! (1996);Bug!
Bug Explorers (1996);BugExplr
Buichi Terasawa's Takeru - Letter of the Law (1996);BuichiTe
Burn -Cycle (1995);Burn-Cyc
Adventures of Busy Billy, The (1996);BusyBily
Let's Explore the Airport (1995);BuzzAir
Let's Explore the Farm (1995);BuzzFarm
Bobby's World - One Clump or Two (1996);BW1co2
BrainWave (1997);BWave1
BrainWave 2 (1997);BWave2
Candy Land Adventure (1996);CandyLAD
Capitol Hill (1993);CapitolH
Capitalist Pig (1992);CapPig
Caribbean Treasure (1996);CariTrea
Cartopedia - The Ultimate World Reference Atlas (1996);Cartoped
Casino Deluxe 2 (1996);CasDLX2
Case for Cap and Co., A (1997);Case4Cap
Casino Master (1996);CasiMast
Casino De Luxe (1995);CasinoDe
Casper Brainy Book (1995);CaspBB
Castle Explorer (1996);CastleEx
Castle of the Winds (1993);CasWind
CatFight - The Ultimate Female Fighting Game (1996);CatFight
Catz - Your Computer Petz (1996);Catz-You
Chaos - A Fantasy Adventure Game (1996);Chaos-AF
Chip's Challenge (1991);ChCh3x
Checkers (1990);Checkers
Chess Mates (1996);ChessMat
Chess Net (1992);ChessNet
Chinese Cooking for the Family (1995);ChiCook
Chinese Solitaire (1993);ChinSoli
Chomp (1991);Chomp
Chop Suey (1995);ChopSuey
Cinema Volta (1994);CinVolta
Circus! (1994);circus!
Sid Meier's Civilization II (1996);Civ2
Sid Meier's Civilization II - The Collector's Edition (1996);Civ2Gold
Sid Meier's Civilization (1993);Civ3x
Sid Meier's CivNet (1995);Civnet
Chuck Jones - Peter and the Wolf (1994);CJPandW
Captain Kangaroo - Life's First Lessons Adventure #1 (1998);CKLFL1
ClockWerx (1995);clckwerx
Clue (1996);Clue
Clueless - CD-ROM (1997);Clueless
Chessmaster 3000, The (1991);CM3000
Country Vid Grid (1995);cntryvid
Cogito (1992);Cogito
Combat Tanks (1994);CombatTa
Comet Busters! (1994);CometBus
Comic Book Confidential (1994);comiconf
Comix Zone (1995);ComixZon
Complete MAUS, The (1995);compMAUS
Congo - The Movie - Descent into Zinj (1995);Congo-Th
Connections (1995);Connecti
Corporate Pursuit (1996);CorpPur
Cosmology of Kyoto (1995);Cosmolog
Countdown (1992);Countdow
Cow V - The Great Egg Quest (1992);CowV-The
Crayola Magic Princess Paper Doll Maker (1999);CrayMP
Creatures (1997);Creaturs
Cribbage (1991);Crib3x
Cribbage Master (1992);Cribbage
Critical Path (1993);Critical
Crosswords and More for Windows (1996);CrossM
Crosswords and Word Games (1995);CrossW
Crow, The - The Complete Interactive Collection (1996);Crow3x
Crusader - Adventure Out of Time (1997);Crusader
Stardate 2140.2 - Crusade in Space (1994);CrusSpac
Crystal Caliburn (1994);CrysCali
Carmen Sandiego - Junior Detective Edition (1995);CSJDE
Where in Time is Carmen Sandiego (1997);CSTime
Cyberstrip Blackjack (1995);CStripBJ
Cyberstrip Poker (1995);CStripPk
Where in the USA is Carmen Sandiego (1996);CSUSA
Carmen Sandiego Word Detective (1997);CSWordD
Curious George Learns Phonics (1997);CuriousG
CyberSpace Crossword (1992);CyberSpa
Dare to Dream Part One - In a Darkened Room (1993);D2D1
Dare to Dream 2 (1993);D2D2
Dare to Dream 3 (1993);D2D3
Dagger of Amon Ra, The (1993);Dagger3x
Dagger's Rage (1995);DaggersR
Disney's Aladdin Activity Center (1995);DAlAct
Daleks (1991);daleks3x
Dandy Dinosaurs (1993);DandDino
Day at the Races, A (1994);DayRaces
Dazzeloids (1994);dazzoids
Dally Doo You Can Too! Animals (1998);DDYCTA
Deadlock - Planetary Conquest (1996);Deadlock
Deflektor PC (1998);Deflekto
Deja Vu I and II - The Casebooks of Ace Harding (1992);DejaVuII
Deluxe Scrabble for Windows (1992);DeluxeSc
Devo Presents - Adventures of the Smart Patrol (1996);DevoPres
D-Generation (1994);dgen3x
Disney's Animated Storybook - The Hunchback of Notre Dame (1996);DHBASB
Diamonds 3D (1996);Diamonds
Phantastische Reise nach Terra-Gon, Die (1997);Diephant
Dilbert - Not Just A Calendar (1997);Dilbert-
Dilbert Screen Saver Collection (1994);DilbertS
Dinonauts (1995);dinonaut
Dinosaur Safari (1996);DinoSaf
Dinosaur Museum (1997);Dinosaur
Dino Slot (1994);DinoSlot
Disney's Animated Storybook - Toy Story (1996);DisASToy
Disney's Animated Storybook - Winnie the Pooh and the Honey Tree (1995);DisASWP
Discover History (1997);DiscHist
Disney's The Jungle Book (1994);DisJB3x
Disney's Animated Storybook - Hercules (1997);DisnHerc
Disney Presents Ariel's Story Studio (1997);DisPASS
Disney's Toy Story Activity Center (1996);DisTSAC
Diva X - Ariana (1995);DivaX-Ar
Diversions Slots (1996);Diversio
Way Things Work, The (1994);DKTWTW
Disney's Animated Storybook - The Lion King (1995);DLKAS
Dodger (1994);dodger94
Dogz - Your Computer Pet (1995);Dogz-You
Dole 5 A Day Adventures (1995);Dole5
Don Quixote - A Multimedia Storybook (1992);DonQuixo
Dopefish Forever! (1997);DopeFshF
Dopefish Lives! (1997);DopeFshL
Double Feature Solitaire (1994);DoubleFe
Disney's Animated Storybook - Pocahontas (1995);DPASB
Dracula in London (1993);Draculai
Dracula's Secret (1996);Draculas
Dragon in a Wagon (1997);DragWag
Drain Storm (1997);dranstrm
Dr. Ditto (1995);DrDitto
Dr. Drago's Madcap Chase (1995);DrDragos
MicroProse Entertainment Pack Vol #1 - Dr Floyd's Desktop Toys (1993);DrFloyd
Dr. Seuss Preschool (1999);DrSeusPr
Dr. T's Sing-A-Long Kid's Classics (1993);DrTSing
Beyond Planet Earth (1994);DSBeyPE
Dark Seed II (1995);DSeed2
Disney's Hunchback of Notre Dame - 5 Topsy Turvy Games (1996);DTHBND5
Dream Team - Kid's Typing (1993);DTKidTyp
Day The World Broke, The (1998);DTWB
Duck City (1996);DuckCity
Dust - A Tale of the Wired West (1995);Dust-ATa
Eyewitness Virtual Reality Earth Quest (1997);EarthQue
EarthSiege 2 (1996);EarthSie
Eastern Mind - The Lost Souls of Tong Nou (1995);EasternM
Ecco the Dolphin (1995);eccodol
EcoQuest 2 - Lost Secret of the Rainforest (1993);eco23x
Econ's Arena (1994);EconsAre
Eek!Stravaganza - The EeX Files (1996);Eek
Elroy's Costume Closet (1996);ElroyCC
Elroy Goes Bugzerk (1995);ElroyGoe
Elroy Hits the Pavement (1996);ElroyHit
Emlith (1992);Emlith
EmPipe (1993);EmPipe
Endorfun (1995);Endorfun
Enemy Nations (1996);EnemyNat
Entombed (1994);Entomb94
Earth Invasion (1993);ERTHINV
Escher Interactive - Exploring the Art of the Infinite (1996);Escher
Evocation 2 - The Dream (1994);Evocati2
Evocation Oltre il Sogno (1995);Evocatio
Eyewitness Virtual Reality Bird (1995);EWVRBird
Eyewitness Virtual Reality Dinosaur Hunter (1996);EWVRDino
Exile - Escape from the Pit (1995);Exile-Es
Exile II - Crystal Souls (1996);ExileII-
Exile III - Ruined World (1996);ExileIII
Exotic Japan (1994);ExotJap
Expect No Mercy (1995);ExpectNo
Expert Chess (1994);ExpertCh
Exploring Ancient Cities (1995);ExplAC
Explorers of the New World (1995);ExpNewW
F-14 Fleet Defender Gold (1995);F-14Flee
F-18 - No Fly Zone (1994);F-18-NoF
Fall of the House of Usher, The (1994);FallUshr
FarSide Screen Saver Collection (1994);FarSide
Animals Of Farthing Wood, The (1996);farthing
Fast Action Paq (1993);FastActi
Fate of the Starlords (1994);fatestar
Who's Fat Lou (1996);FatLou
Flight Commander 2 (1994);FComm2
Felix The Cat's Cartoon Toolbox (1995);felixcat
Freddi Fish 2 - The Case of the Haunted School House (1996);FF2CoHSH
Freddi Fish 3 - The Case of the Stolen Conch Shell (1998);FF3CSCS
Freddi Fish and Luther's Maze Madness (1996);FFaLMM
Freddi Fish and Luther's Water Worries (1996);FFaLWW
Freddi Fish and the Case of the Missing Kelp Seeds (1995);FFCMKS
Fields of Battle (1995);Fieldsof
Fisherman's Delight (1996);FishDel
Flight Sim Toolkit (1993);FlightSi
Focus Essential Senior Word Games (1997);FocusEWG
Forever Growing Garden (1993);ForeverG
Foul Play - Mystery at Awkward Manor (1998);FoulPlay
Four-Sight (1995);FourSite
Fox Hunt (1996);FoxHunt
Fisher-Price Dream Doll House (1995);FPDDoll
Fisher-Price Great Adventures - Castle (1997);FPGACAS
Fisher-Price Great Adventures - Pirate Ship (1997);FPGAPIR
Fisher-Price Great Adventures - Wild Western Town (1997);FPGAWWT
Fisher-Price - Learning in Toyland (1996);FPLiT
Front Page Sports - Baseball Pro '96 Season (1996);FPSBP96
Front Page Sports - Trophy Bass 2 (1996);FPSTBas2
Front Page Sports - Trophy Bass 2 - Northern Lakes (1997);FPSTBasN
Front Page Sports - Trophy Rivers (1997);FPSTRiv
Frankenstein - Through the Eyes of the Monster (1995);Frankens
Freddy Pharkas Frontier Pharmacist (1993);FrdPhr3x
FreeCell Plus (1996);FreeCell
Residents, The - Freak Show (1994);FrekShow
Fructus (1995);Fructus
Fruit-Picker (1996);FrutPick
Full Tilt! 2 Pinball (1996);FTilt2
Full Tilt! Pinball (1996);FTiltP
Follow That Sleigh! (1994);FTSleigh
Fun Pack 3 (1995);funpack3
FunPack (1993);FunPckWF
Fury3 (1995);Fury3
Free Willy Activity Center (1997);FWAC
F!Zone (1996);FZone
G-Netix (1995);G-Netix
Gadget - Invention, Travel and Adventure (1995);Gadget-I
Gahan Wilson's The Ultimate Haunted House (1994);GahanWil
GayBlade (1992);GayBlade
Gazillionaire (1994);Gaz
Gazillionaire Deluxe (1997);GazDLX
Bricks (1996);GBricks
Gigglebone Gang, The - World Tour (1997);GBWTour
Gearheads (1996);Gearhead
Gecko Shuffle (1994);GeckoShu
GemStorm (1995);GemStorm
GeoSafari (1997);GeoGeo
GeoSafari - Animals (1996);GeoSafar
Get the Girl! (1993);GettheGi
Gettysburg - Multimedia Battle Simulation (1994);Gettysbu
Ghostly Desires (1995);ghosdes
Ghosts (1995);Ghosts
Gabriel Knight Sins of the Fathers (1993);GK13x
Gabriel Knight 2 - The Beast Within (1995);GK23x
Glider 4.0 for Windows (1994);Glider40
Great Math Adventure (1995);GMA
Great Myths and Legends Volume 1 - Monsters and Mythical Creatures (1995);gmlmmc
Greg Norman Ultimate Challenge Golf (1996);GNCGolf
Golf Pro 2000 Downunder (1997);GolfPro2
Gord@k (1997);Gordak
Grand Prix Manager (1995);GPMan
Grand Prix Manager 2 (1996);GPMan2
Grackon's Curse (1995);Grackons
Grant - Lee - Sherman - Civil War 2 - Generals (1997);Grant-Le
Great War, The (1995);greatwar
Green Thumb Cards (1996);GreenThu
Get Ready for School, Charlie Brown! (1995);GRFSCB
Grossology (1997);Grossolo
Gulliver's Voyage To Lilliput (1996);Gulliver
Gus And The Cyberbuds - Sing, Play, and Paint A Long (1994);GUSBuds
Gus Goes to Cyberopolis (1994);GusGoesC
Gus Goes to Cybertown (1993);GusGoest
Gus Goes to Cyberstone Park (1996);GusGoesY
Gus Goes to the Kooky Carnival - In Search of Rant (1995);GusGttKC
Gus and The Cyberbuds - Stellar Game Cellar! (1996);GUSSGC
Gus and The Cyberbuds - Write On! (1996);GUSWrite
Great Word Adventure (1995);GWA
Hard Day's Night, A (1993);HardDayA
Hard Evidence - The Marilyn Monroe Files (1995);HardEvid
Harpoon Classic (1995);HarpC95
Harry and the Haunted House (1994);Harryand
Magic Theatre - Haunted House (1995);hauhou
Hanna-Barbera's Cartoon Carnival (1995);hbcc
Hunchback of Notre Dame, The (Isabelle Bristow)(1996);HBoND
Hoyle Classic Card Games (1997);Hcc3x
Hoyle Classic Card Games (1993);Hcc3x93
Hoyle Classic Games (1998);HCG3x
Hearts for Windows (1991);Heartsfo
Hell Cab (1993);HellCab
Hello Kitty - Big Fun Deluxe (1994);HelloKBF
Hero Defiant (1998);HeroDefi
Hawaii High - The Mystery of the Tiki (1994);HHMysTik
High Command (1992);HighComm
History of the World (1997);Historyo
Hodj 'n' Podj (1995);HodjnPod
Holiday Island (1996);HolidayI
Hollywood (1995);hollyw3x
Hollywood Mogul (1997);Hollywoo
Hooves of Thunder! (1996);Hoovesof
How To Be Perfect (1995);How2bPrf
Hoyle Bridge (1996);HoyleBri
Hoyle Battling Ships And War (1998);HoyleBSW
Hoyle Childrens Collection (1996);HoyleCC
Hoyle Poker (1997);HoylePok
Hoyle Solitaire (1996);HoyleSol
How the Leopard Got His Spots (1995);HtLGHS
Huygen's Disclosure (1996);HuygensD
How Would You Survive (1995);HWUS
Adventure of Hyperman, The (1995);Hyperman
Hyperoid (1991);Hyperoid
I can be a Dinosaur Finder (1997);IcanbeaD
I Can Be an Animal Doctor (1997);ICBAAD
Icebreaker (1996);IceBreak
Ice and Fire (1995);IceFire
ID4 Mission Disks (1996);ID4
Interactive History of Frankenstein (1995);IHOFrank
Imo and the King (1995);ImoKing
Indiana Jones and his Desktop Adventures (1996);IndyDesk
Gigglebone Gang, The - Infinity City (1997);InfiCity
Infinite Patience (1997);Infinite
In Grandma's Attic (1996);InGrandm
In the 1st Degree (1995);Inthe1st
Invention Studio (1996);InvenStu
Professor Iris' Fun Field Trip - Animal Safari (1994);irisAS
Professor Iris' Fun Field Trip - Seaside Adventure (1994);irisSA
Iron Helix (1993);IronHeli
Isis (1994);Isis
Island Casino (1995);IslCasi
It's a Funny Old Game (1996);ItsaFunn
Jack's Attic (1997);JackAtic
Johnny Castaway (1992);JCastawy
Jeopardy TV and Movie Pack (1996);JeopTV
Jewel Master (1992);JewelMas
Jewels II - The Ultimate Challenge (1998);JewelsII
Jewels of the Oracle (1995);Jewelsof
Jewel Thief (1992);JewelThi
JezzBall (1992);JezzBall
Jixxa (1995);jixxa
Johnny Mnemonic (1995);JohnnyMn
Jones in the Fast Lane CD-ROM (1992);Jones3x
Jonny Quest - The Real Adventures - Cover-Up at Roswell (1996);JonnyQue
Journeyman Project, The (1993);JourP
Journeyman Project 2, The - Buried in Time (1995);JourP2
Journeyman Project, The - Turbo! (1994);JourPT
Jan Pienkowski Haunted House (1995);JPHH
Jurassic Park Screen Saver (1993);JPSS
Jump Start 1st Grade (1995);JS1st
Jump Start 2nd Grade (1996);JS2nd
Jump Start Adventures 3rd Grade - Mystery Mountain (1996);JS3rd
Jump Start Adventures 4th Grade - Haunted Island (1996);JS4th
Jump Start Adventures 5th Grade - Jo Hammet, Kid Detective (1997);JS5th
Jump Start Baby (1999);JSBaby
Jump Start Kindergarten Reading (1996);JSKRead
Jump Start Pre-K (1996);JSPreK
Jump Start Pre-K Year 2 - Trucks N Things (1999);JSPreK2
Jump Start Toddlers (1996);JSTod
Journey to the Centre of the Earth (1995);JttCEart
Juilliard Music Adventure (1995);Juilliar
Jumanji (1997);Jumanji
Jump - The David Bowie Interactive CD-ROM (1994);JumpDB
Jump Raven (1994);JumpRave
Jungle Book (1996);JungleBo
Jurassic Art (1997);JurArt
Just Grandma and Me (1993);JustGran
Karma - Curse of the 12 Caves (1995);Karma-Cu
Keroppi Day Hopper (1994);keroppi
Kewala's Typing Adventure (1997);kewala
Kid Riffs (1995);kidriffs
KidWorks 2 (1993);kidwork2
Kiyeko and the Lost Night (1995);kiyeko
Klik and Play (1994);KlikPlay
Koala Lumpur - Journey to the Edge (1997);KoalaLum
King's Quest V - Absence Makes the Heart Go Yonder! (1992);kq5win
King's Quest VI - Heir Today Gone Tomorrow CD (1992);KQ6CD3x
King's Quest VII - The Princeless Bride (1994);KQ73x
Kid Vid Grid (1994);KVidGrid
Kye (1992);Kye
Kyodai (1997);Kyodai
L-Zone (1993);L-Zone
Labyrinth of Crete (1995);LabCret
L'affaire Morlov (1996);LAfMor3x
Lassie (1994);Lassie
Last Chance to See (1993);LastChSe
Louis Cat Orze - The Mystery Of The Queen's Necklace (1995);LCOMotQN
Legions (1994);Legions
Legends of Oz (1993);LegOz
Lemmings for Windows (1995);Lemm3x
Lenny's Music Toons (1993);LennysMu
Let's Explore the Jungle (1995);LetsExpl
Let's Talk About Me (1996);LetsTalk
Guignols de l'Info, Les - Le Cauchemar de PPD (1996);LGdePPD
Guignols De L'Info, Les...Le Jeu ! (1995);LGLeJeu
Liam Finds a Story (1996);LiamStor
Disney's The Lion King Activity Center (1995);LionKAC
Literati (1994);Literati
Lighthouse - The Dark Being (1996);LitHou3x
Lights Out 3D (1996);LitOut3D
Little Samurai, The (1996);LitSam
Little Monster at School (1994);LittleMo
Live Action Football (1994);LiveActi
Living Puzzles - Triazzle (1995);LivingPu
Logical Journey of the Zoombinis (1996);LogicalJ
Loony Labyrinth (1995);LoonLaby
Lode Runner - The Legend Returns (1994);LRLR3x
Leisure Suit Larry 6 - Shape Up or Slip Out! (1994);lsl6win
Leisure Suit Larry - Love for Sail! (1996);LSL73x
Laserstrike (1993);LsrStrik
Lucas's Problem (1990);LucassPr
Lunacy for Windows (1995);Lunacy95
Lunicus (1994);Lunicus
Las Vegas Super Casino (1997);LVSupCas
Life with Louie - Lake Winnibigoshish (1996);LwLLW
Maabus (1995);Maabus
Macbeth (1995);macbeth
MacBlaster (1992);MacBlast
Madeline's Rainy Day Activities (1996);Madeline
Madeline And The Magnificent Puppet Show (1995);MadPupSh
Madness of Roland, The (1995);madrolan
MagnaFlux Runner (1993);MagnaFlu
Magic Theatre (1994);magtheat
Majestic Part 1 - Alien Encounter (1995);Majestic
Manhole, The - New and Enhanced (1992);ManE3x
Maniac Sports (1994);ManiacSp
Marble Drop (1997);MarbleDr
Marty And The Trouble With Cheese (1996);MartChes
Masque Blackjack (1994);MasqueBl
Masque Caribbean Stud Poker (1995);MasqueCa
Masque ChessNet 3 (1994);MasqueCh
Masque Solitaire Antics (1994);MasqueSo
Masque Video Poker (1995);MasqueVi
Masterpiece Mansion (1995);MastMans
Math Blaster - Episode 1 - In Search of Spot (1994);MathBla1
Math Blaster Mystery - The Great Brain Robbery (1994);MathBlaM
Math Heads (1996);MathHead
Math Master (1997);MathMast
Math Munchers Deluxe (1995);MathMunc
Math Rabbit Deluxe (1993);MathRabD
Millennium Auction (1994);Mauction
Maui Mallard in Cold Shadow (1996);MauiMall
Maven (1995);Maven
Mavis Beacon Teaches Typing! for Kids (1994);Mavis3x
MayaQuest Trail (1995);MayaQues
Mazemaker (1992);Mazemake
Math Blaster - Episode 2 - Secret of the Lost City (1994);MBlast2
Multimedia Celebrity Poker (1995);MCelePkr
McKenzie and Co. (1995);McKenzie
Merlin's Apprentice (1995);MerlinsA
Magic Fairy Tales - Barbie As Rapunzel (1997);MFTBarb
Michael Ninn's Latex - The Game (1996);MichaelN
MicroMan (1993);MicMan93
Midnight Stranger (1993);MidStran
Mike Mulligan and His Steam Shovel (1996);MikeMull
Mile Bones (1994);MileBone
Millie's Math House (1992);MilliesM
Millie Meters Nutrition Adventure (2001);MilMete1
Milo (1996);Milo
Mind Games Entertainment Pack for Windows (1997);MindGame
Mind Grind (1996);mindgrin
Mines (1990);Mines
Minesweeper (1992);Mineswee
Mirage (1995);Mirage
Missile Attack! (1992);MissileA
Mission 9 (1995);Mission9
Mixed-Up Mother Goose Deluxe (1995);Mixed-Up
Metal Marines (1994);MMarine
Metal Marines Master Edition (1995);MMarineM
Museum Of Anything Goes (1995);moagoes
Mind of a Killer (1995);mofkill
Monopoly Deluxe (1992);Mono3Dlx
Monopoly (1995);Mono3x
Mordor - The Depths of Dejenol (1995);Mordor-T
MorphMan (1993);MorphMan
Mortuum (1995);Mortuum
Mosaic (1993);Mosaic
Moving Puzzle - Action Flights (1998);MPAction
Moving Puzzle - Cats (1998);MPCats
Moving Puzzle - Fun Sports (1998);MPFun
Monty Python and the Quest for the Holy Grail (1996);MPHolyG
Moving Puzzle - Jungle World (1998);MPJungle
Moving Puzzle - Motor Sports (1998);MPMotor
Moving Puzzle - Nature Events (1998);MPNat
Moving Puzzle - Sea World (1998);MPSeaW
Monty Python's Complete Waste of Time (1994);MPWaste
Moving Puzzle - Wild Life (1998);MPWild
Mr. Drumstix' Music Studio (1993);MrDrumst
Mr. Potato Head Saves Veggie Valley (1996);MrPotato
Mr. Potato Head Activity Pack (1998);MrPotHAP
Mr. Wonder's Greatest Toyshop On Earth (1996);MrWonGTE
Microsoft 500 Nations (1995);MS500N
Microsoft Ancient Lands (1994);msanclan
Microsoft Arcade (1993);MSArc
Microsoft Art Gallery (1993);MSArtG
Isaac Asimov's - The Ultimate Robot (1994);MSAsimov
Scholastic's The Magic School Bus Explores Inside the Earth (1996);MSBEarth
Scholastic's The Magic School Bus Explores the Human Body (1994);MSBHuman
Microsoft Bob (1995);MSBob
Scholastic's The Magic School Bus Explores the Ocean (1995);MSBOcean
Microsoft Bookshelf '95 (1995);MSBook95
Microsoft Complete NBA Basketball Guide '94-'95 (1994);MSBskt95
Scholastic's The Magic School Bus Explores the Solar System (1994);MSBSS
Microsoft Complete Baseball - 1994 Edition (1993);MSCBB94
Microsoft Complete Baseball - 1995 Edition (1994);MSCBB95
Ms. Chomp (1992);MsChomp
Microsoft Cinemania '95 (1995);MSCine
Microsoft Cinemania '94 (1994);MSCine94
Microsoft Dangerous Creatures (1994);msdancre
Microsoft Dinosaurs (1993);MSDino
Microsoft Dogs (1995);MSDogs
Microsoft Encarta '95 (1994);MSEncart
Microsoft Encarta '94 (1993);MSEncr94
Microsoft Entertainment Pack for Windows (1990);MSEnt1
Microsoft Entertainment Pack 2 (1991);MSEnt2
Microsoft Entertainment Pack 3 (1991);MSEnt3
Microsoft Entertainment Pack 4 (1992);MSEnt4
Ultimate Frank Lloyd Wright, The - America's Architect (1994);MSFLW
Microsoft Golf (1992);MSGolf
Microsoft Golf 2.0 (1995);MSGolf2
Microsoft Musical Instruments (1992);MSInst
Ms. Metaverse (1995);MsMetave
Microsoft Multimedia Mozart (1994);MSMozart
Microsoft Oceans (1995);msoceans
Microsoft Multimedia Schubert (1993);MSSchbrt
Microsoft Solitaire (1990);MSSoli
Murder, She Wrote - Mystery Jigsaw Puzzles (1996);MSWJSaw
Microsoft World of Flight (1995);MSWoF
Microsoft Explorapedia - The World of Nature (1995);MSWoN
Microsoft Explorapedia - The World of People (1995);MSWoP
Mario Teaches Typing 2 (1997);MTType2
Multimedia Dinosaurs (1999);MulDinos
Multimedia IQ Test (1995);MultiIQ
Mixed-Up Mother Goose, Roberta William's (1992);MUMG3x
Mummy - Tomb of the Pharaoh (1996);MummyToP
MUNGO - The Only Pirate Left (1995);Mungo
Muppet Treasure Island (1996);MuppetTr
Music Chase 1 - The Music In Me (1995);muschas1
Mysterious Island - A Race Against Time And Hot Lava (1996);MysIsl3x
Myst (1993);Myst
Mythology (1995);Myth3x
Nanotank (1993);Nanotank
Nautical Number Hunt (1998);Nautical
NCC-1701 (1992);NCC1701
Neko (1991);Neko
Nelda Nockbladder's Anatomy Lesson (1997);NeldaNoc
NeuroDancer (1994);NeuroDan
Head Coach - NFL Math (1996);NFLMath
Head Coach - NFL Reading (1996);NFLRead
Nile - Passage to Egypt (1995);Nile-Pas
Adventures of Ninja Nanny and Sherrloch Sheltie - No 11 Downing Street (1993);NinjaNan
Nisus Missile Master (1994);NisusMis
Nitemare-3D (1994);Nite3d3x
New Kid on the Block, The (1993);nkotb
National Lampoon's Blind Date (1994);NLBlind
Noir - A Shadowy Thriller (1996);Noir-ASh
Noisy Video Poker and Blackjack (1995);NoisyVid
Noughts and Crosses (1993);Noughtsa
NumberMaze Challenge (1999);NumMazC
Oddballz (1996);oddballz
Odell Down Under (1994);OdellDow
Office Darts 301 (1994);OfficeDa
One Armed Bandit (1991);OneArmed
OOG - The Object Orientation Game (1995);OOG-TheO
Out of This World (1994);OOTW3x
Operation - Eco-Nightmare (1997);OpEcoNi
Opening Night (1995);OpeningN
Opera Fatal (1996);OperaFat
Operation Odin (1996);OperOdin
Operation - Inner Space (1994);OpInner
Operation Neptune (1995);OpNep3x
Opus 'n Bill Brain Saver (1993);OpusBill
Origin FX (1992);OriginFX
Adventures With Oslo - World of Water (1995);OsloWW
One Small Square (1995);OSQ
Otter's Adventure, The (1995);OtAdv
Oscar the Balloonist Drops into the Countryside (2001);OtBDitC
Oscar the Balloonist Dives into the Lake (2000);OtBDitL
Oscar the Balloonist Discovers the Farm (2001);OtBDtF
Oscar the Balloonist Flies into the Mountains (2001);OtBFlitM
Oscar the Balloonist and the Secrets of the Forest (2000);OtBSotF
Oregon Trail II (1995);OTrail2
Oregon Trail II - 25th Anniversary Limited Edition (1996);OTrail25
Oregon Trail, The (1993);Otrail3x
Outpost (1994);Outpost
Outpost 69 - Lust in Space (1996);Outpst69
Over the Reich (1996);OvertheR
Play To Win Casino (1998);p2wincas
Panic in the Park (1995);Panicint
Gigglebone Gang, The - Pantsylvania (1995);pantsyl
Paparazzi! - Tales of Tinseltown (1995);Paparazz
Paperopolis (1995);Paperopo
Paulie Python (1993);PauliePy
P.A.W.S. - Personal Automated Wagging System (1995);PAWS-Per
PBA Bowling (1995);PBABowli
Prairie Dog Hunt Pro (1995);PDHunt
Prairie Dog Hunt for Windows (1993);PDHunt1
Prairie Dog Hunt 2 - Judgement Day (1994);PDHunt2
Prairie Dog Hunt Pro '97 (1997);PDHunt97
Play-Doh Creations (1996);PDohCre
Pepper's Adventures in Time (1993);PepTim3x
Perfect Partner Bridge (1995);PerfectP
Peter's Alphabet Adventure (1993);PetAlpha
Peter's Colors Adventure (1994);PetColor
Peter's Magic Adventure (1993);petemagi
Peter and the Wolf (1995);Peterand
Pirates! Gold (1994);pgold3x
Phantasmagoria (1995);Phan3x
Pilgrim - Faith as a Weapon (1998);Pilgrim-
Pinball Builder - A Construction Kit for Windows (1996);PinballB
Pipe Dream (1990);PipDr3x
Pipe Dream (1991);PipeDr3x
Pippi (1995);Pippi
Pirates - Captain's Quest (1997);Pirates-
Pixie Dust (1994);PixiDust
Planetary Taxi (1995);PlanTaxi
Playskool Puzzles (1996);Playskoo
Playtoons - Vol 1-4 (1994);playtoon
Plot Of The Cyberheads (1995);PlototCH
Philip Marlowe Private Eye (1996);PMPriEye
Pool Champion (1995);PoolCham
Powerhouse (1995);Powerhou
Power - The Game (1995);PowerIBM
Power Politics (1992);PowerPol
Power Rangers Zeo Versus The Machine Empire (1996);PowerRan
Putt-Putt and Fatty Bear's Activity Pack (1995);PPFB3x
Pink Panther, The - Hokus Pokus Pink (1998);PPHokus
Pink Panther, The - Passport to Peril (1997);PPPassp
Police Quest 4 - Open Season (1993);PQ43x
Police Quest SWAT (1995);PQSWAT3x
Prehistoric Animals (1999);PreHAni
Prince Interactive (1994);PrinceIn
Princess and the Crab, The (1996);PrinCrab
Profitania (1998);Profitan
Proliferation (1995);Prolifer
Pajama Sam - Lost and Found (1998);PSLaF
Pajama Sam - No Need to Hide When It's Dark Outside (1996);PSNNH
Pajama Sam's SockWorks (1997);PSSW
Pajama Sam 2 - Thunder and Lightning aren't so Frightening (1998);PSTaL
P.T.O. - Pacific Theater of Operations II (1996);PTO-Paci
Putt-Putt and Pep's Balloon-o-Rama (1996);PuttBall
Putt-Putt and Pep's Dog on a Stick (1996);PuttDoS
Putt-Putt Goes to the Moon (1993);PuttMN3x
Putt-Putt Joins the Parade (1992);PuttPR3x
Putt-Putt Enters the Race (1998);PuttRace
Putt-Putt Travels Through Time (1997);PuttTime
Putt-Putt Saves the Zoo (1995);PuttZoo
Puzzle Power (1995);PuzzPow
Pyramid - Challenge of the Pharaoh's Dream (1996);Pyramid-
Pyst (1997);Pyst
Quest for Glory IV - Shadows of Darkness (1993);qfg43x
Qin - Tomb of the Middle Kingdom (1995);Qin-Tomb
Quantum Gate (1993);QuantumG
Quatra Command (1994);QuatrCom
Queensryche's Promised Land (1996);Queensry
Qwirks (1995);Qwirks
Radio Active (1994);RadioAct
Rats! (1994);Rats!
Rattler Race (1991);RattlerR
Rave Shuttle - The Cosmic Challenge (1997);RaveShut
Ray Bradbury's The Martian Chronicles Adventure Game (1996);RayBradb
Reading Blaster Invasion of the Word Snatchers (1994);ReadBlas
Real Video Poker (1994);RealVP
Reelect JFK (1994);ReelectJ
Reflux - Issue 02 - The Threshold (1995);Reflux-2
Reflux - Issue 01 - The Becoming (1995);Reflux-I
Renju (1994);Renju
Residents, The - Gingerbread Man (1994);ResiGBM
Computer Edition of Risk, The - The World Conquest Game (1991);Risk3x
Rock'N Roll Your Own (1995);RNRYO
Robert E Lee - Civil War General (1996);RobertEL
RoboSport (1991);RoboSpor
Robot City (1995);RobotCit
Rodney's Funscreen (1992);Rod3x
Rodney's Wonder Window (1992);RodWW
Rolling Stones Voodoo Lounge CD-ROM (1995);RollingS
RollOver (1997);RollOver
Romance of the Three Kingdoms IV - Wall of Fire (1996);Romanceo
Drivin' Route 66 (1995);Route66
Reader Rabbit's Reading 1 (1997);Rrabb1
Reader Rabbit 2 (1993);RRabb2
Reader Rabbit 3 (1996);RRabb3
Reader Rabbit's Kindergarten (1997);RRabbK
Reader Rabbit and Friends - Let's Start Learning (1995);RRabbP
Reader Rabbit's Toddler (1997);RRabbT
Reader Rabbit's Reading Journey 1 (1996);RRRJ1
Ruff's Bone (1994);ruffbone
Real Video Blackjack (1995);RVidBJ
Safety Scavenger Hunt (1994);SafeScav
Safety Monkey (1994);SafetyMo
Sammy's Science House (1994);SammysSc
Savage - The Ultimate Quest for Survival (1996);Savage-T
Shadows of Cairn (1994);SCairn3x
Schoolyard Slaughter (1994);Schoolya
Scrabble (1996);Scrab3x
Scrutiny In The Great Round (1995);ScrutGR
Secret of the Hunchback, The (1996);SecHunch
Secrets of the Luxor (1996);SecLuxor
Secrets of the Pyramids (1994);SecPyra
Interactive Adventures Of Seymore Butts, The (1993);SeyButt
Seymore Butts Interactive 2 - In Pursuit of Pleasure (1994);SeyButt2
SFCave (1995);SFCave
Spy Fox in Cheese Chase (1998);SFChes
Spy Fox in Dry Cereal (1997);SFDry
SFPD Homicide - Case File - The Body in the Bay (1995);SFPDHomi
Smart Games Challenge #1 (1996);SGC1
Smart Games Puzzle Challenge 2 (1997);SGC2
Smart Games Puzzle Challenge 3 (1998);SGC3
Sensible Golf (1994);SGolf3x
Smart Games Stratajams (1997);SGStrat
Smart Games Word Puzzles #1 (1996);SGWordP
Shadowgate (1993);Shadowga
Shanghai II - Dragon's Eye (1994);Shang2DE
Shanghai - Great Moments (1995);ShangGM
Sheila Rae the Brave (1996);SheilaRa
Shine (1996);Shine
Shivers (1995);Shivers
Shivers Two - Harvest of Souls (1997);ShiversT
Silent Steel (1995);SilentSt
Silent Thunder - A-10 Tank Killer II (1996);SilentTh
SimAnt - The Electronic Ant Colony (1991);SimAnt-T
SimCity 2000 - CD Collection (1993);SimC23x
SimCity (1992);SimCi3x
SimEarth - The Living Planet (1990);SimEa3x
SimFarm (1996);SimFa3x
SimLife (1992);SimLi3x
Simon (1991);Simon
SimPark (1996);SimPark
SimTower - The Vertical Empire (1995);SimTower
SimTown (1995);SimTown
SimTunes (1996);simtune
Sinkha - The 3D Multimedia Novel (1994);sinkha
Sink Sub Pro (1997);SinkSubP
Six Feet Under (1994);SixFeetU
Skat 2010 (1993);Skat2010
Skat 2095 (1996);Skat2095
Skat 3000 (1999);Skat3000
SkiFree (1991);SkiFree
Skipper and Skeeto - Paradise Park (1996);SkipSket
Skull Cracker (1996);SkullCra
SkyBorg - Into the Vortex (1995);skyborg
Slam! (1993);Slam!
Slay (1995);Slay
Sleeping Cubs Test of Courage (1996);SleepCub
Slots of Trivia (1996);SlotTriv
Spider-Man Cartoon Maker (1995);smCM
Sid Meier's Colonization (1994);SMCol3x
Spider-Man - Interactive CD-ROM Comic Book! (1995);smIC
Snoopy's Campfire Stories (1996);SnoopysC
Soft Kill (1993);Softkill
Solitaire Deluxe (1996);SoliDlx
Solitaire's Journey (1992);SoliJ3x
Solitaire Twin Pack (1995);SoliTwin
Solitaire XXL (1997);SoliXl3x
Solitaire XXX (1998);SoliXXX
Sonic KNP Collection (1999);SonicKNP
Sonic's Schoolhouse (1997);SonicSH
Sophie's World (1997);SophiesW
Space Bastards (1996);SpaceBas
Space Bucks (1996);SpaceBuc
Spaceship Warlock (1994);Spaceshi
Space Sirens - The Ultimate Cyber Sex Simulator (1994);SpaceSi1
Space Sirens 2 - Megababes from Ajia (1995);SpaceSir
Spaceward Ho! (1992);SpcHo3x
Spectre VR (1993);SpecVR3x
Spelling Jungle (1993);SpellJu
This is Spinal Tap (1994);SpinTap
Sportsman's Paradise (1998);SpPara3x
SPQR - The Empire's Darkest Hour (1997);SPQR-The
Space Station Alpha - The Encounter (1996);spstalph
Speedway (1996);SpWay3x
Space Quest IV - Roger Wilco and the Time Rippers (1992);SQ4CD3x
Space Quest 6 - Roger Wilco in the Spinal Frontier (1995);sq63x
Squash! (1993);Squash!
Squirmer The Game (1994);Squirmer
Sesame Street - Art Workshop (1995);SSArtW
Sesame Street Elmo's Preschool (1996);SSElmoP
Super Solvers - Gizmos and Gadgets! (1997);SSGG3x
Sesame Street - Get Set To Learn (1996);SSGStL
Sesame Street - Letters (1999);SSLett
Sesame Street - Let's Make a Word! (1995);SSLMaW
Super Solvers - Midnight Rescue! (1995);SSMR3x
Sesame Street - Numbers (1999);SSNumb
Super Solvers - OutNumbered! (1997);SSON3x
Super Solvers - Spellbound (1999);SSSB3x
Super Solvers - Treasure Cove! (1994);SSTC3x
Treasure Galaxy! (1994);SSTGalxW
Super Solvers Mission - T.H.I.N.K. (1999);SSThink
Super Solvers - Treasure Mountain! (1994);SSTM3x
Super Solvers - Treasure MathStorm! (1996);SSTMS3x
Stanley's Sticker Stories (1996);Stanleys
Star Merc (1997);StarMerc
Stars! (1996);Stars!
Star Warped (1997);StarWarp
Stay Tooned! (1996);StayToon
Steven Spielberg's Director's Chair (1996);StevenSp
Star Trek - The Game Show (1998);STGameS
Star Trek - Klingon (1996);STKling
Star Trek Omnipedia (1995);STOmni
S.T.O.R.M. (1996);STORM3x
Storybook Weaver Deluxe (1994);Storyboo
Stowaway! Stephen Biesty's Incredible Cross-Sections (1994);stowaway
Strategy Heads (1997);StratHed
Strip Poker! International (1993);Strip3x
Superman - The Mysterious Mr. Mist (1996);Sup3x
Superboy - Spies from Outer Space (1996);Superboy
Super Spy (1996);SuperSpy
Superman Activity Center (1997);SupManAc
Super Tetris (1991);SupTet3x
Star Wars Chess (1993);SWChss3x
Snow White and the Magic Mirror Interactive Storybook (1995);SWMM
Symantec Game Pack (1991);Symantec
Take a Break! Crosswords (1992);TaBCros
Take a Break! Pinball (1993);TaBPin
Taipei (1990);Taipei
Take Your Best Shot (1995);TakeYour
Tales Of The Wild Zeep (1994);TaleZeep
TC Choplifter (1995);TCChopli
They Call Me... The Skul (1996);TCMSkul
TDK Pinball Machine (1995);TDKPinba
Team Xtreme - Operation Weather Disaster (1995);TeamXtre
Even More! Incredible Machine, The (1993);TemIM3x
Terrace (1994);Terrace
Terror T.R.A.X. - Track of the Vampire (1995);TerrorTR
Tesserae (1993);Tess3x
Tetris Classic (1992);TetC3x
Tetris Gold (1993);TetG3x
TetraVex (1991);TetraVex
Big One, The (1994);TheBigOn
Bizarre Adventures of Woodruff and the Schnibble, The (1995);TheBizar
Cassandra Galleries, The (1997);TheCassa
C.H.A.O.S. Continuum, The (1994);TheCHAOS
Chessmaster 4000 Turbo, The (1993);TheChess
Crystal Skull, The (1996);TheCryst
Daedalus Encounter, The (1995);TheDaeda
Dark Eye, The (1995);TheDarkE
Doonesbury Election Game Campaign '96, The (1995);TheDoone
Greens, The (1993);TheGreen
Improv Presents, The - Don't Quit Your Day Job (1996);TheImpro
Interactive Adventures of Blake and Mortimer, The - The Time Trap (1997);TheInter
Jolly Postman's Party, The (1997);TheJoll
'Jongg CD!, The (1997);TheJongg
Last Dynasty, The (1995);TheLastD
Liberation of Kuwait, The (1991);TheLiber
Lost Mind of Dr. Brain, The (1995);TheLostM
Magic Death, The - Virtual Murder 2 (1993);TheMagic
Manhole, The - CD-ROM Masterpiece Edition (1994);TheManho
Mask, The - The Origin (1994);TheMask
Mystery at Greveholm, The (1997);TheMyste
Pagemaster, The (1994);ThePagem
Palace of Deceit, The - The Dragon's Plight (1992);ThePalac
Psychotron, The (1994);ThePsych
Rise and Rule of Ancient Empires, The (1996);TheRiseR
Sacred Mirror of Kofun, The (1996);TheSacre
Simpsons Cartoon Studio, The (1996);TheSimps
Suit, The (1996);TheSuit
Tick, The - The Tick vs. The Uncommon Cold (1996);TheTick
Time Warp of Dr. Brain, The (1996);TheTimeW
Tortoise and the Hare, The (Living Books)(1993);TheTorto
Vortex, The - Quantum Gate II (1994);TheVorte
X-Fools, The - The Spoof is out There (1997);TheX-Foo
Yukon Trail, The (1994);TheYukon
THiNK-X (1996);THiNK-X
This Means War! (1996);ThisMean
Treasure Island Interactive (1995);TII
Tiles And Tribulations (1993);TileTrib
Incredible Machine Version 3.0, The (1995);TiM23x
Timelapse (1996);Timelaps
Time Out Sports - Baseball (1994);TimeOutB
Time Out Sports - Basketball (1994);TimeOutS
Timmy and the Magic Pictures (1995);Timmyand
Timmy the Dream Hunter (1996);TimmyDH
Disney's Timon and Pumbaa's Jungle Games (1995);TimPumb
Titanic - Adventure Out of Time (1996);TitAdvOT
Incredible Toon Machine, The (1994);TITM3x
Titanic - A Mysterious Undersea Adventure (1998);TitMyst
Jungle Book, The - The Legend Of Mowgli (1995);TJBLOM
Tommy (1996);Tommy3x
Tonka Construction (1996);TonkaCon
Tonka Search and Rescue (1997);TonkaSea
Trophy Bass (1995);tophbass
Torin's Passage (1995);Torin3x
Total Distortion (1995);TotalDis
Total Mayhem (1996);TotalMay
Tower (1995);Tower
Toy Story Power Play (1996);ToySto3x
Trivial Pursuit Interactive Multimedia Game (1994);TPIMG
Tracon for Windows (1993);Trac2Win
Trap Shooting (1994);TrapShot
Travel the World with Timmy! (1998);TravTim
Treasure Hunt, The (1995);TrHunt3x
Triple Threat - An Arcade Adventure (1995);TripThrt
Trivia Worx (1995);TrivWorx
Troggle Trouble Math (1994);TroggleT
Trophy Bass 2 Deluxe (1998);TrophyBa
Treasure Quest (1996);TrQuest
Trudy's Time and Place House (1995);TrudysTi
Thinkin' Things Collection 1 (1993);TTC1
Thinkin' Things Collection 2 (1995);TTC2
Thinkin' Things Collection 3 (1995);TTC3
Thinkin' Things - Sky Island Mysteries (1998);TTSiM
Tuneland (1994);tuneland
Twisted Mini Golf (1995);TwistedM
TZ-Breakout (1996);TZ-Break
TZ-Minigolf (1995);TZ-Minig
Ultimate Human Body 2.0, The (1996);UltHB2
Ultimate Yahtzee (1996);Ultimate
Ultimate Solitaire Collection, The (1994);UltSoli
Umbra Conspiracy, The (1995);umbraco
Uninvited (1993);Uninvi3x
Urban Runner (1996);UrbanRun
UltraVixen (1997);Uvixen
Vampire's Kiss (1994);VampKiss
Virtual Chess (1995);vchess
Victory Or Defeat (1995);VicODef
Video Cube Space (1993);ViCubSpc
Video Casino Games (1994);VideoCas
Vid Grid (1994);VidGrid
Vikings - The Strategy of Ultimate Conquest (1996);Vikings-
Universe According to Virgil Reality, The (1996);Virgil
Virtual Vegas - Turbo Blackjack (1995);VirtualV
Virtual K'Nex (1998);Vknex
VooDoo Kid (1997);VooDooKi
Virtual Nightclub - A Game About Time (1997);VRNClub
Virtual Surgeon - Open Heart (1997);VSOH3x
Wallace and Gromit Fun Pack (1996);WallaceG
Wallobee Jack - The Bingi Burra Stone (1994);walljack
Wanderlust (1994);wandlust
Warhammer - Shadow of the Horned Rat (1996);Warhamme
Warhead (1991);Warhead
Warpath (1994);Warpath
We are Angels (1997);WeareAng
Weird - Truth is Stranger than Fiction (1997);Weird-Tr
Welcome to the Future (1995);Welcomet
Wheel Of Fortune (1994);WF3x
Wheel Of Fortune Featuring Vanna White (1992);WFVW3x
Whac-A-Mole (1994);WhacMole
Where in the World is Carmen Sandiego (CD-ROM)(1995);Whereint
Who is Oscar Lake (1996);WhoisOsc
Widget Workshop - The Mad Scientist's Laboratory (1995);WidgetWo
Wiggins in Storyland (1995);Wiggin3x
WinAdv (1992);WinAdv
Winblocker (1996);Winblock
WinFight (1993);WinFight
WinGenius (1994);WinGeniu
Wings - Saigon to Persian Gulf (1998);Wings-Sa
WinRisk (1992);WinRisk
WinRoids (1993);WinRoids
WinTrek (1992);WinTrek
WinTrek 2.0 (1992);WinTrek2
Wishbone and the Amazing Odyssey (1996);Wishbone
Wizardry Gold (1996);WizGold
Who Killed Brett Penance - The Environmental Surfer (1994);WKBrett
Who Killed Sam Rupert - Virtual Murder 1 (1993);WKSam
Who Killed Taylor French - The Case of the Undressed Reporter (1994);WKTaylor
Wolf and the Seven Little Goats, The (1995);WolfGoat
Word Heads (1997);WordHeds
World Empire II (1992);WorEmp2
World Empire IV (1996);WorEmp4
World Empire III (1994);WorldEmp
World of Aden - Entomorph - Plague of the Darkfall (1995);WorldofA
Wrath of the Gods (1994);WraGods
World Series of Poker Deluxe Casino Pak (1995);WSPDlxCs
Wild World of Madison Jaxx (1994);WWoMJ
Wyatt Earp's Old West (1994);WyattEar
X-Men - Interactive CD-ROM Comic Book! (1995);xmenIC
Xplora 1 - Peter Gabriel's Secret World (1993);Xplora1
Yearn2Learn - Peanuts (1994);Y2LPean
Yearn2Learn - Snoopy (1994);Y2LSnoo
Yearn2Learn - Master Snoopy's World Geography (1995);Y2LSnoop
Yacht (1993);yacht
You Don't Know Jack (1995);YDKJ
You Don't Know Jack - Volume 2 (1996);YDKJ2
You Don't Know Jack - Volume 3 (1997);YDKJ3
You Don't Know Jack Movies (1996);YDKJMov
You Don't Know Jack Sports (1996);YDKJSprt
You Don't Know Jack - Television (1997);YDKJTV
You Don't Know Jack XL (X-Tra Large)(1996);YDKJXL
Yellow Brick Road (1996);YellowBr
Young Dilbert Hi-Tech Hijinks (1997);YoungDil
Young Pocahontas Interactive Storybook (1995);YPocaIS
ZAARK and the Night Team - The Quest for Patterns (1995);Zaark
Zap! (1998);Zap!
Zapitalism (1996);Zapitali
Zeddas - Servant of Sheol (1995);Zeddas-S
Zig-Zag (1994);Zig-Zag
Zombie Castle (1995);ZombieCa
Zombie Wars (1996);ZombieWa
Zurk's Alaskan Trek (1995);ZurkAlas
Zurk's Rainforest Lab (1995);ZurkLab
Zurk's Learning Safari (1993);ZurkSaf
