Action-Adventure;Abuse
Action-Adventure;adark1
Action-Adventure;adark2
Action-Adventure;adark3
Action-Adventure;airball
Action-Adventure;AJACK
Action-Adventure;Aladino
Action-Adventure;Alcatraz
Action-Adventure;AlienOdy
Action-Adventure;AlienRam
Action-Adventure;ambVamp
Action-Adventure;AmoDeMun
Action-Adventure;Amok
Action-Adventure;ANightma
Action-Adventure;AntAtta
Action-Adventure;AntAttk
Action-Adventure;AntHill2
Action-Adventure;AntMan
Action-Adventure;ArKritzt
Action-Adventure;astxcc
Action-Adventure;asterich
Action-Adventure;BadBlood
Action-Adventure;Beetleju
Action-Adventure;BermudaS
Action-Adventure;BertBarb
Action-Adventure;BillyKid
Action-Adventure;bioforge
Action-Adventure;BioMenac
Action-Adventure;BioRobot
Action-Adventure;Blacktho
Action-Adventure;bloodnet
Action-Adventure;Bodywork
Action-Adventure;BrainDea
Action-Adventure;BubbleDi
Action-Adventure;Burn-Cyc
Action-Adventure;calacub2
Action-Adventure;Calamari
Action-Adventure;capbible
Action-Adventure;Cataco2
Action-Adventure;Catacomb
Action-Adventure;cblood
Action-Adventure;CDogs
Action-Adventure;cefalus
Action-Adventure;CellBloc
Action-Adventure;ChillMan
Action-Adventure;CITE
Action-Adventure;ConanThe
Action-Adventure;covertac
Action-Adventure;Creature
Action-Adventure;crimfigt
Action-Adventure;Crown
Action-Adventure;CruelWor
Action-Adventure;CrusRegr
Action-Adventure;CrusRemo
Action-Adventure;CrystalC
Action-Adventure;Cyberbig
Action-Adventure;Cyberdog
Action-Adventure;Cybergen
Action-Adventure;cyberia
Action-Adventure;cyberia2
Action-Adventure;Cybwar
Action-Adventure;CyrilCyb
Action-Adventure;DaggersR
Action-Adventure;DangDavD
Action-Adventure;DangDavH
Action-Adventure;DangDavR
Action-Adventure;DaveGoes
Action-Adventure;dayviper
Action-Adventure;deadlin2
Action-Adventure;DeathbyD
Action-Adventure;DemonSta
Action-Adventure;Deus
Action-Adventure;dgen3x
Action-Adventure;DieHard
Action-Adventure;DimOmega
Action-Adventure;DIVIL
Action-Adventure;dlore
Action-Adventure;dlore2
Action-Adventure;DrakeSna
Action-Adventure;Drakk89
Action-Adventure;DREAMSto
Action-Adventure;DukeN11
Action-Adventure;DukeN12
Action-Adventure;DukeN13
Action-Adventure;DukeN2
Action-Adventure;dune
Action-Adventure;DylanGli
Action-Adventure;ecstati2
Action-Adventure;ecstatic
Action-Adventure;edenblue
Action-Adventure;EinKmo
Action-Adventure;ElectroM
Action-Adventure;Enterp89
Action-Adventure;Entity
Action-Adventure;Eradicat
Action-Adventure;EscMoCa
Action-Adventure;FadetoBl
Action-Adventure;fatherw
Action-Adventure;Fengkuan
Action-Adventure;FFaLWW
Action-Adventure;firewall
Action-Adventure;flamfree
Action-Adventure;FlynSpri
Action-Adventure;FoxHunt
Action-Adventure;FoxRang3
Action-Adventure;framadv
Action-Adventure;Frantis2
Action-Adventure;GalEmpr
Action-Adventure;Galacti2
Action-Adventure;Galleons
Action-Adventure;Gandalf
Action-Adventure;GateDest
Action-Adventure;Gateworl
Action-Adventure;Gen2MoDC
Action-Adventure;Ghostbu2
Action-Adventure;giddy3
Action-Adventure;godthund
Action-Adventure;GSageHE
Action-Adventure;harhavoc
Action-Adventure;HellCab
Action-Adventure;HLLMPC
Action-Adventure;HongGild
Action-Adventure;HuygensD
Action-Adventure;IceFire
Action-Adventure;IndyDesk
Action-Adventure;InnerWor
Action-Adventure;Insanity
Action-Adventure;InSearch
Action-Adventure;IronHeli
Action-Adventure;isledead
Action-Adventure;JackAtic
Action-Adventure;Janosik
Action-Adventure;JohnnyMn
Action-Adventure;jquestmw
Action-Adventure;Karzel
Action-Adventure;klass99
Action-Adventure;kristal
Action-Adventure;LaEspada
Action-Adventure;LarsWand
Action-Adventure;lawnmow
Action-Adventure;lba
Action-Adventure;Legendo
Action-Adventure;Legends
Action-Adventure;legsout
Action-Adventure;Loadstar
Action-Adventure;LoganFit
Action-Adventure;LoneWolf
Action-Adventure;dutcmine
Action-Adventure;LosTres
Action-Adventure;LtleMonk
Action-Adventure;Maabus
Action-Adventure;MagCarp
Action-Adventure;MagCarp2
Action-Adventure;MaydaySq
Action-Adventure;MeriGrav
Action-Adventure;MetalMut
Action-Adventure;MiamiVic
Action-Adventure;Mick1989
Action-Adventure;Midwinte
Action-Adventure;Mission
Action-Adventure;MonsterB
Action-Adventure;MsterGas
Action-Adventure;MutEarth
Action-Adventure;mysttow
Action-Adventure;Napion3D
Action-Adventure;neohuntr
Action-Adventure;NightShi
Action-Adventure;ntrap
Action-Adventure;NukeBowl
Action-Adventure;Onesimus
Action-Adventure;Paganitz
Action-Adventure;passass
Action-Adventure;PeriloTM
Action-Adventure;PPersia2
Action-Adventure;Pirates-
Action-Adventure;Pirates
Action-Adventure;PrinEvil
Action-Adventure;qeye
Action-Adventure;QuantumG
Action-Adventure;RCRampDX
Action-Adventure;ripper
Action-Adventure;robinson
Action-Adventure;robomaz3
Action-Adventure;RoboMaze
Action-Adventure;ROTH
Action-Adventure;Rusty93
Action-Adventure;Sab95
Action-Adventure;Savage-T
Action-Adventure;SCOut
Action-Adventure;Scubaman
Action-Adventure;ScubaSPT
Action-Adventure;SeaLegen
Action-Adventure;SETDE
Action-Adventure;shadcair
Action-Adventure;shadcast
Action-Adventure;signsun
Action-Adventure;SilyKnit
Action-Adventure;SimpBHoW
Action-Adventure;Sinaria
Action-Adventure;skull2k
Action-Adventure;SkullQ1
Action-Adventure;SkullQ2
Action-Adventure;skyborg
Action-Adventure;SpaceCha
Action-Adventure;SpaceDud
Action-Adventure;SpcAdv88
Action-Adventure;spidssix
Action-Adventure;starbld
Action-Adventure;StarBowl
Action-Adventure;StarFit3
Action-Adventure;StarFit4
Action-Adventure;StarFit5
Action-Adventure;stds9har
Action-Adventure;Stroper
Action-Adventure;SuperFig
Action-Adventure;SwordofH
Action-Adventure;takebevh
Action-Adventure;TAO1998
Action-Adventure;TheBugsB
Action-Adventure;thecolo
Action-Adventure;TheGoldo
Action-Adventure;ThePuni
Action-Adventure;ThePunis
Action-Adventure;TimeComm
Action-Adventure;timegate
Action-Adventure;TimeRun
Action-Adventure;Titanic
Action-Adventure;TombRaiG
Action-Adventure;TopHatWi
Action-Adventure;TranBall
Action-Adventure;TresTrap
Action-Adventure;TushTus
Action-Adventure;twinsen
Action-Adventure;twnoname
Action-Adventure;veildark
Action-Adventure;ViajTera
Action-Adventure;Vigilanc
Action-Adventure;VinylGod
Action-Adventure;Watman
Action-Adventure;wdreams
Action-Adventure;wtimess
Action-Adventure;XMen
Action-Adventure;ZombieCa
Action-Adventure;zombvill
Action-Adventure;Zorro
Adventure-Visual;11thHour
Adventure-Visual;120Deg
Adventure-Visual;221baker
Adventure-Visual;3DTrek
Adventure-Visual;3mousq
Adventure-Visual;3SKULLS
Adventure-Visual;7thguest
Adventure-Visual;9-TheLas
Adventure-Visual;abadia
Adventure-Visual;abadia2
Adventure-Visual;AceVentu
Adventure-Visual;adevoid
Adventure-Visual;afraid
Adventure-Visual;AI
Adventure-Visual;Alice-In
Adventure-Visual;ALIENS
Adventure-Visual;alienv
Adventure-Visual;alostt
Adventure-Visual;alpond1
Adventure-Visual;alpond2
Adventure-Visual;alpondho
Adventure-Visual;amaeden
Adventure-Visual;amaztrai
Adventure-Visual;ambMC
Adventure-Visual;amonra
Adventure-Visual;AngstGUS
Adventure-Visual;animal
Adventure-Visual;AreaD
Adventure-Visual;armaeth
Adventure-Visual;Asylm285
Adventure-Visual;asylumif
Adventure-Visual;avalot
Adventure-Visual;AZRAEL
Adventure-Visual;BadDayM
Adventure-Visual;BadMojo
Adventure-Visual;bargon
Adventure-Visual;batret
Adventure-Visual;BEatEoT
Adventure-Visual;bass
Adventure-Visual;berlin
Adventure-Visual;beverly
Adventure-Visual;Beyondth
Adventure-Visual;BeyondTi
Adventure-Visual;bforce
Adventure-Visual;bigred
Adventure-Visual;billted
Adventure-Visual;blakstar
Adventure-Visual;BlownAwa
Adventure-Visual;bluice
Adventure-Visual;bpackLGM
Adventure-Visual;bsect
Adventure-Visual;bsword1
Adventure-Visual;BuichiTe
Adventure-Visual;Bureau13
Adventure-Visual;BURGER
Adventure-Visual;callahan
Adventure-Visual;castleb
Adventure-Visual;CavWiz
Adventure-Visual;Chaos-AF
Adventure-Visual;chewy
Adventure-Visual;CinVolta
Adventure-Visual;cedge
Adventure-Visual;clubdead
Adventure-Visual;condor
Adventure-Visual;Congo-Th
Adventure-Visual;Connecti
Adventure-Visual;corrupt
Adventure-Visual;Cosmolog
Adventure-Visual;cospace
Adventure-Visual;cotsword
Adventure-Visual;countdwn
Adventure-Visual;crakdoom
Adventure-Visual;Critical
Adventure-Visual;cronmast
Adventure-Visual;D2D1
Adventure-Visual;D2D2
Adventure-Visual;D2D3
Adventure-Visual;dame
Adventure-Visual;darkhalf
Adventure-Visual;Darkseed
Adventure-Visual;Daughter
Adventure-Visual;ddumps
Adventure-Visual;deadnite
Adventure-Visual;death
Adventure-Visual;DejaVuII
Adventure-Visual;delirium
Adventure-Visual;demoniak
Adventure-Visual;detritus
Adventure-Visual;DevoPres
Adventure-Visual;Diephant
Adventure-Visual;dig
Adventure-Visual;dinotop
Adventure-Visual;DISCDEEP
Adventure-Visual;dondra
Adventure-Visual;dott
Adventure-Visual;downudan
Adventure-Visual;Draculai
Adventure-Visual;draghist
Adventure-Visual;drascula
Adventure-Visual;dreampri
Adventure-Visual;dreamwbc
Adventure-Visual;DSeed2
Adventure-Visual;dsphere
Adventure-Visual;DTWB
Adventure-Visual;Dust-ATa
Adventure-Visual;dw1
Adventure-Visual;dw2
Adventure-Visual;dylandog
Adventure-Visual;Earthris
Adventure-Visual;EasternM
Adventure-Visual;eco23x
Adventure-Visual;enchant
Adventure-Visual;Entomb94
Adventure-Visual;ericun
Adventure-Visual;Escape94
Adventure-Visual;eternam
Adventure-Visual;evidence
Adventure-Visual;Evocati2
Adventure-Visual;Evocatio
Adventure-Visual;fable
Adventure-Visual;FallUshr
Adventure-Visual;farmnite
Adventure-Visual;fascinat
Adventure-Visual;fatestar
Adventure-Visual;FatLou
Adventure-Visual;fievelw
Adventure-Visual;fish
Adventure-Visual;flash
Adventure-Visual;fool
Adventure-Visual;FoulPlay
Adventure-Visual;FourSite
Adventure-Visual;fqueen
Adventure-Visual;Frankens
Adventure-Visual;freddy
Adventure-Visual;freedc
Adventure-Visual;FrekShow
Adventure-Visual;fullt
Adventure-Visual;FWars
Adventure-Visual;Gadget-I
Adventure-Visual;GahanWil
Adventure-Visual;galleon
Adventure-Visual;gateway
Adventure-Visual;gateway2
Adventure-Visual;genem
Adventure-Visual;gk1
Adventure-Visual;GK2
Adventure-Visual;gnomer1
Adventure-Visual;gnomer2
Adventure-Visual;gob1
Adventure-Visual;gob2
Adventure-Visual;gob3
Adventure-Visual;GoldImmo
Adventure-Visual;GoldRush
Adventure-Visual;Gordak
Adventure-Visual;gquest
Adventure-Visual;Grackons
Adventure-Visual;guild
Adventure-Visual;HardEvid
Adventure-Visual;hariboy
Adventure-Visual;HARVEST
Adventure-Visual;HaunCas
Adventure-Visual;heavens
Adventure-Visual;hell
Adventure-Visual;Hib1TDiD
Adventure-Visual;hoc
Adventure-Visual;HOMEY
Adventure-Visual;hook
Adventure-Visual;hound
Adventure-Visual;hugo2
Adventure-Visual;Hugo3
Adventure-Visual;HugoHous
Adventure-Visual;Hurlment
Adventure-Visual;ibrain
Adventure-Visual;igor
Adventure-Visual;ihnmaims
Adventure-Visual;ImpRom96
Adventure-Visual;inca1
Adventure-Visual;inca2
Adventure-Visual;indemons
Adventure-Visual;indy4
Adventure-Visual;IndyCru
Adventure-Visual;Inthe1st
Adventure-Visual;Isis
Adventure-Visual;ispy
Adventure-Visual;ispyii
Adventure-Visual;ite
Adventure-Visual;iuc
Adventure-Visual;iuc2
Adventure-Visual;jcshogun
Adventure-Visual;jinxter
Adventure-Visual;jorlando
Adventure-Visual;JourP
Adventure-Visual;JourP2
Adventure-Visual;JourPT
Adventure-Visual;JPHH
Adventure-Visual;jripper
Adventure-Visual;JungleBo
Adventure-Visual;k2shad
Adventure-Visual;Karma-Cu
Adventure-Visual;karma
Adventure-Visual;KCD
Adventure-Visual;KGB
Adventure-Visual;kgbconsp
Adventure-Visual;KINGDOM
Adventure-Visual;kingmagi
Adventure-Visual;kmoon
Adventure-Visual;KoalaLum
Adventure-Visual;KQ1
Adventure-Visual;KQ12001
Adventure-Visual;kq1vga
Adventure-Visual;KQ2
Adventure-Visual;KQ22002
Adventure-Visual;KQ3
Adventure-Visual;KQ4
Adventure-Visual;KQ5
Adventure-Visual;KQ6CD
Adventure-Visual;KQ7
Adventure-Visual;krondor
Adventure-Visual;kronolog
Adventure-Visual;kyra1
Adventure-Visual;kyra2
Adventure-Visual;kyra3
Adventure-Visual;L-Zone
Adventure-Visual;labtime
Adventure-Visual;lacrack
Adventure-Visual;lalaw
Adventure-Visual;lasidney
Adventure-Visual;lasthalf
Adventure-Visual;lasthlf2
Adventure-Visual;lasthlf3
Adventure-Visual;lbow1
Adventure-Visual;LCOMotQN
Adventure-Visual;lexpress
Adventure-Visual;lhouse
Adventure-Visual;lmanking
Adventure-Visual;lmanla
Adventure-Visual;djel
Adventure-Visual;LoDoom
Adventure-Visual;loneagle
Adventure-Visual;longbow
Adventure-Visual;loom
Adventure-Visual;losteden
Adventure-Visual;losttime
Adventure-Visual;LSL1
Adventure-Visual;LSL1VGA
Adventure-Visual;LSL2
Adventure-Visual;LSL3
Adventure-Visual;LSL5
Adventure-Visual;LSL6CD
Adventure-Visual;LSL7DOS
Adventure-Visual;MagColl
Adventure-Visual;Majestic
Adventure-Visual;manhole
Adventure-Visual;manholee
Adventure-Visual;mansiond
Adventure-Visual;martianm
Adventure-Visual;mcritic
Adventure-Visual;MelOdius
Adventure-Visual;meurtres
Adventure-Visual;mi1
Adventure-Visual;mi2
Adventure-Visual;mikona
Adventure-Visual;Milo
Adventure-Visual;Mirage
Adventure-Visual;misland
Adventure-Visual;Mission9
Adventure-Visual;MMansion
Adventure-Visual;monsoon
Adventure-Visual;MontyNrm
Adventure-Visual;morlov
Adventure-Visual;MPHolyG
Adventure-Visual;mstreets
Adventure-Visual;MummyToP
Adventure-Visual;murdclub
Adventure-Visual;murder!
Adventure-Visual;murderdf
Adventure-Visual;Myst
Adventure-Visual;MythMast
Adventure-Visual;Napalm
Adventure-Visual;netzone
Adventure-Visual;Neuro
Adventure-Visual;newyears
Adventure-Visual;nippon
Adventure-Visual;niteherm
Adventure-Visual;noctrop
Adventure-Visual;Noir-ASh
Adventure-Visual;NORMAL
Adventure-Visual;odykent
Adventure-Visual;omnicron
Adventure-Visual;orionc
Adventure-Visual;orphee
Adventure-Visual;pandora
Adventure-Visual;Panicint
Adventure-Visual;ParaInve
Adventure-Visual;pepper
Adventure-Visual;permday
Adventure-Visual;pfryvolc
Adventure-Visual;Phantasm
Adventure-Visual;phantas2
Adventure-Visual;pice
Adventure-Visual;Pilgrim-
Adventure-Visual;plagmoon
Adventure-Visual;plague
Adventure-Visual;plan9
Adventure-Visual;PlototCH
Adventure-Visual;PMPriEye
Adventure-Visual;pnite
Adventure-Visual;portal
Adventure-Visual;PostmanD
Adventure-Visual;PQ1
Adventure-Visual;PQ1_VGA
Adventure-Visual;PQ2
Adventure-Visual;PQ3
Adventure-Visual;PQ4
Adventure-Visual;protost
Adventure-Visual;psychoif
Adventure-Visual;psychokl
Adventure-Visual;Pyst
Adventure-Visual;qfg45
Adventure-Visual;QG1NEW
Adventure-Visual;QG2
Adventure-Visual;QG3E
Adventure-Visual;QG4CD
Adventure-Visual;qin
Adventure-Visual;QueenFoo
Adventure-Visual;Queensry
Adventure-Visual;quiver
Adventure-Visual;Rabenst
Adventure-Visual;rama
Adventure-Visual;RaveShut
Adventure-Visual;RayBradb
Adventure-Visual;RBlanc1
Adventure-Visual;RBlanc2
Adventure-Visual;RBlanc3
Adventure-Visual;rdragon
Adventure-Visual;RECALL
Adventure-Visual;reposses
Adventure-Visual;ResiGBM
Adventure-Visual;rexneb
Adventure-Visual;riddle
Adventure-Visual;RKJunBk
Adventure-Visual;RobotCit
Adventure-Visual;ROMANTIC
Adventure-Visual;ronboff
Adventure-Visual;RoomAby
Adventure-Visual;rphantom
Adventure-Visual;runmonk
Adventure-Visual;rw1
Adventure-Visual;rw2
Adventure-Visual;rzork
Adventure-Visual;samnmax
Adventure-Visual;santaelk
Adventure-Visual;santasac
Adventure-Visual;SavagFut
Adventure-Visual;sc101
Adventure-Visual;sc201
Adventure-Visual;sc301
Adventure-Visual;scapgost
Adventure-Visual;scomet
Adventure-Visual;scoop
Adventure-Visual;ScrutGR
Adventure-Visual;SecLuxor
Adventure-Visual;secmis
Adventure-Visual;senti
Adventure-Visual;serguei
Adventure-Visual;SFPDHomi
Adventure-Visual;shab
Adventure-Visual;shadfor
Adventure-Visual;Shadowga
Adventure-Visual;shannara
Adventure-Visual;sharinov
Adventure-Visual;shcd1
Adventure-Visual;shcd2
Adventure-Visual;shcd3
Adventure-Visual;shcrt
Adventure-Visual;shcss
Adventure-Visual;Shine
Adventure-Visual;Shivers
Adventure-Visual;ShiversT
Adventure-Visual;SILVERLD
Adventure-Visual;simon1
Adventure-Visual;simon2
Adventure-Visual;sinkha
Adventure-Visual;snoopy
Adventure-Visual;soclayc
Adventure-Visual;Softkill
Adventure-Visual;soltys
Adventure-Visual;SorcAppr
Adventure-Visual;soulcrys
Adventure-Visual;sovunsa
Adventure-Visual;Spaceshi
Adventure-Visual;spackids
Adventure-Visual;spirexc
Adventure-Visual;SPQR-The
Adventure-Visual;SPUD1
Adventure-Visual;spycraft
Adventure-Visual;SQ1
Adventure-Visual;SQ1VGA
Adventure-Visual;SQ2
Adventure-Visual;SQ3
Adventure-Visual;SQ4
Adventure-Visual;SQ5
Adventure-Visual;SQ6
Adventure-Visual;SQLost
Adventure-Visual;SSpade85
Adventure-Visual;st25
Adventure-Visual;StarFite
Adventure-Visual;StarWarp
Adventure-Visual;STBorg
Adventure-Visual;stjudgec
Adventure-Visual;STKling
Adventure-Visual;stunity
Adventure-Visual;SuperSpy
Adventure-Visual;SWMakMag
Adventure-Visual;synner
Adventure-Visual;tb
Adventure-Visual;tabbey
Adventure-Visual;tagent
Adventure-Visual;Tanis
Adventure-Visual;tequila
Adventure-Visual;tera
Adventure-Visual;TerranEn
Adventure-Visual;TerrorTR
Adventure-Visual;TheBizar
Adventure-Visual;TheCassa
Adventure-Visual;TheCHAOS
Adventure-Visual;theclue
Adventure-Visual;TheCryst
Adventure-Visual;TheDaeda
Adventure-Visual;TheDarkE
Adventure-Visual;TheImpro
Adventure-Visual;TheMagic
Adventure-Visual;TheManho
Adventure-Visual;thempamy
Adventure-Visual;TheMyste
Adventure-Visual;ThePalac
Adventure-Visual;ThePsych
Adventure-Visual;THESCROL
Adventure-Visual;TheVorte
Adventure-Visual;Timelaps
Adventure-Visual;timepara
Adventure-Visual;TitAdvOT
Adventure-Visual;TitMyst
Adventure-Visual;TOONSTRK
Adventure-Visual;torin
Adventure-Visual;tot
Adventure-Visual;TotalDis
Adventure-Visual;touche
Adventure-Visual;tquest
Adventure-Visual;transyl1
Adventure-Visual;transyl2
Adventure-Visual;transyl3
Adventure-Visual;TreaHunt
Adventure-Visual;TrQuest
Adventure-Visual;ttscb
Adventure-Visual;TUCKER
Adventure-Visual;twinsk
Adventure-Visual;TwinTrou
Adventure-Visual;udoi
Adventure-Visual;udoi3
Adventure-Visual;umbraco
Adventure-Visual;Uninvi3x
Adventure-Visual;univcore
Adventure-Visual;uponfor
Adventure-Visual;UrbanRun
Adventure-Visual;veracruz
Adventure-Visual;vers
Adventure-Visual;vgqod
Adventure-Visual;VooDooKi
Adventure-Visual;voy1
Adventure-Visual;VOYEURII
Adventure-Visual;VRNClub
Adventure-Visual;wapcs
Adventure-Visual;wayne
Adventure-Visual;wecs
Adventure-Visual;Weird-Tr
Adventure-Visual;WeirdIsl
Adventure-Visual;Welcomet
Adventure-Visual;WinAdv
Adventure-Visual;WKBrett
Adventure-Visual;WKSam
Adventure-Visual;WKTaylor
Adventure-Visual;wland
Adventure-Visual;wolfbane
Adventure-Visual;wscs
Adventure-Visual;wtcs
Adventure-Visual;wucsd
Adventure-Visual;wwcscd
Adventure-Visual;xanth
Adventure-Visual;xenomor
Adventure-Visual;YellowBr
Adventure-Visual;ZakEnh
Adventure-Visual;Zeddas-S
Adventure-Visual;znemesis
Adventure-Visual;zombi
BeatEmUp;ActFiSS
BeatEmUp;BadStree
BeatEmUp;Bclopd
BeatEmUp;Beatsof
BeatEmUp;BudoTheA
BeatEmUp;Case316
BeatEmUp;CheoGong
BeatEmUp;CyberPol
BeatEmUp;DSStory
BeatEmUp;Electron
BeatEmUp;Eojjeonj
BeatEmUp;Execut92
BeatEmUp;FedOnlin
BeatEmUp;FistFite
BeatEmUp;FrankoTh
BeatEmUp;HighScho
BeatEmUp;Horangi
BeatEmUp;Interupt
BeatEmUp;JisaDal
BeatEmUp;KarateKi
BeatEmUp;KickBoxS
BeatEmUp;LaHeChin
BeatEmUp;LastManA
BeatEmUp;LitFight
BeatEmUp;MechaWar
BeatEmUp;Mie
BeatEmUp;MyLove
BeatEmUp;Night98
BeatEmUp;PeeGity
BeatEmUp;PeeGityS
BeatEmUp;Prawokr
BeatEmUp;PyGity2T
BeatEmUp;Realmsof
BeatEmUp;RescateE
BeatEmUp;ShadowKn
BeatEmUp;Shakiith
BeatEmUp;Shuihuzh
BeatEmUp;SkullCra
BeatEmUp;Soul
BeatEmUp;StreetFi
BeatEmUp;SwordF2
BeatEmUp;Terminat
BeatEmUp;TheTroop
BeatEmUp;TrashIt
BeatEmUp;XiYouJi
BeatEmUp;zyclunt
Gun-FPS;AbyssofP
Gun-FPS;ADCop
Gun-FPS;AftSkQ
Gun-FPS;AlienCab
Gun-FPS;AlienTri
Gun-FPS;AngstRah
Gun-FPS;Backlash
Gun-FPS;BBaRF
Gun-FPS;BeyondCa
Gun-FPS;BeyWolf
Gun-FPS;BioBombr
Gun-FPS;BlakeStA
Gun-FPS;BlakeStP
Gun-FPS;Blood
Gun-FPS;BloodPla
Gun-FPS;Bloodwin
Gun-FPS;bonbon97
Gun-FPS;BramStok
Gun-FPS;CastleWo
Gun-FPS;Cataco3D
Gun-FPS;ChaosCon
Gun-FPS;ChasmThe
Gun-FPS;ChemWar
Gun-FPS;ChexQ
Gun-FPS;ChexQ2
Gun-FPS;ChexQ3
Gun-FPS;CHUB3D
Gun-FPS;ColosSec
Gun-FPS;Corri8
Gun-FPS;Corridor
Gun-FPS;CrimePat
Gun-FPS;CrypticP
Gun-FPS;Curseoft
Gun-FPS;CyberMag
Gun-FPS;CyClones
Gun-FPS;D!150
Gun-FPS;D!Zone
Gun-FPS;D!Zone2
Gun-FPS;D!Zone3
Gun-FPS;DarkHour
Gun-FPS;defc5
Gun-FPS;DemonGat
Gun-FPS;DepthDwe
Gun-FPS;Despair
Gun-FPS;Despair2
Gun-FPS;Despair3
Gun-FPS;Desperab
Gun-FPS;DLevels
Gun-FPS;DOOM
Gun-FPS;DOOMII
Gun-FPS;Dugsy
Gun-FPS;Duke!Z
Gun-FPS;Duke3D
Gun-FPS;Duke3DAt
Gun-FPS;Duke3DMa
Gun-FPS;DukeAssa
Gun-FPS;DukeCari
Gun-FPS;Dukeitou
Gun-FPS;DukeNucl
Gun-FPS;DukeNuk
Gun-FPS;DukeZH
Gun-FPS;DWars
Gun-FPS;euijeok
Gun-FPS;ExtremeR
Gun-FPS;FarWest
Gun-FPS;FinalDOO
Gun-FPS;freaks
Gun-FPS;ghost90
Gun-FPS;Gunmetal
Gun-FPS;GutsnGar
Gun-FPS;H!Zone
Gun-FPS;HacX
Gun-FPS;Hades
Gun-FPS;Hardline
Gun-FPS;HelltoPa
Gun-FPS;Heretic
Gun-FPS;HereticS
Gun-FPS;HexenBey
Gun-FPS;HexenDea
Gun-FPS;HexenII
Gun-FPS;Hovertan
Gun-FPS;HURL
Gun-FPS;InExtrem
Gun-FPS;InPursui
Gun-FPS;IslandPe
Gun-FPS;isledead
Gun-FPS;Kaos
Gun-FPS;KensLaby
Gun-FPS;KoreanD
Gun-FPS;LaCosa
Gun-FPS;Lamers
Gun-FPS;LastRite
Gun-FPS;lethalt
Gun-FPS;Liquidat
Gun-FPS;LosJusti
Gun-FPS;MadSpace
Gun-FPS;Malicefo
Gun-FPS;Mars3D
Gun-FPS;MasterLe
Gun-FPS;mastwon
Gun-FPS;Megatron
Gun-FPS;Meltdown
Gun-FPS;MicrCos
Gun-FPS;MonteRet
Gun-FPS;NAM
Gun-FPS;Nervesof
Gun-FPS;NetWars
Gun-FPS;Nihilist
Gun-FPS;Nitemar
Gun-FPS;OpBodyC
Gun-FPS;OuterRid
Gun-FPS;Perditio
Gun-FPS;plunpill
Gun-FPS;PowSlav
Gun-FPS;Predator
Gun-FPS;PrisonAm
Gun-FPS;ProjWelt
Gun-FPS;Pyrotech
Gun-FPS;Q!Zone
Gun-FPS;Quake
Gun-FPS;QuakeEp5
Gun-FPS;QuakeLMV
Gun-FPS;QuakeM1
Gun-FPS;QuakeM2
Gun-FPS;Quiver97
Gun-FPS;RadixBey
Gun-FPS;RapAss95
Gun-FPS;RebelMoo
Gun-FPS;RedneckD
Gun-FPS;RedRam
Gun-FPS;RedRam66
Gun-FPS;RedRamRA
Gun-FPS;RexBladA
Gun-FPS;RollerCo
Gun-FPS;RotTDLX
Gun-FPS;RotTDW
Gun-FPS;SecAgntE
Gun-FPS;ShadowWa
Gun-FPS;ShawNM
Gun-FPS;ShawNM2
Gun-FPS;Shooting
Gun-FPS;Shrakfor
Gun-FPS;Sigil
Gun-FPS;Skaphand
Gun-FPS;SkyNET
Gun-FPS;SoD3D
Gun-FPS;SoldBoyz
Gun-FPS;SpaceEsc
Gun-FPS;SpacePir
Gun-FPS;SpearEn
Gun-FPS;SpearRes
Gun-FPS;StarMerc
Gun-FPS;Strife
Gun-FPS;SuperNoa
Gun-FPS;SupremeW
Gun-FPS;SWDForc
Gun-FPS;SystemSh
Gun-FPS;SYWBARN
Gun-FPS;tcircle
Gun-FPS;Term2029
Gun-FPS;TermFS
Gun-FPS;TermRamp
Gun-FPS;TermTerr
Gun-FPS;Terrorof
Gun-FPS;TheCatac
Gun-FPS;TheFortr
Gun-FPS;TheHidde
Gun-FPS;TheLastB
Gun-FPS;TheLostE
Gun-FPS;TheSuit
Gun-FPS;TheTermi
Gun-FPS;TheVargi
Gun-FPS;ThorsHam
Gun-FPS;thungun
Gun-FPS;TimeHunt
Gun-FPS;TotalMel
Gun-FPS;tranland
Gun-FPS;TremorfQ
Gun-FPS;TrenWar
Gun-FPS;Trigger
Gun-FPS;trobtow
Gun-FPS;TwinDrag
Gun-FPS;UltDoom
Gun-FPS;Veteran
Gun-FPS;Virtos94
Gun-FPS;WantonDe
Gun-FPS;Wetlands
Gun-FPS;WildLife
Gun-FPS;WingNuts
Gun-FPS;Witchav2
Gun-FPS;Witchave
Gun-FPS;Wolf3D
Gun-FPS;WolfDoom
Gun-FPS;WorldWar
Gun-FPS;WrathofE
Gun-FPS;WSTekWar
Gun-FPS;XmasCarn
Gun-FPS;xmenrava
Gun-FPS;XS
Gun-FPS;ZAR
Gun-FPS;Zephyr
Gun-FPS;ZoneRaid
Misc;3DBomber
Misc;ArcadeAm
Misc;Archdroi
Misc;Autocras
Misc;BankBust
Misc;Biprolex
Misc;BirdBrai
Misc;BlindPe
Misc;bolo95
Misc;BombBugs
Misc;Breaklin
Misc;Breakout
Misc;brixII
Misc;BrochaGo
Misc;BuBu1995
Misc;BumpWarr
Misc;Canade
Misc;capflag
Misc;Catz-You
Misc;ClaasDer
Misc;cocinero
Misc;continuu
Misc;Creaturs
Misc;Crow1992
Misc;CrshBarr
Misc;Cybersh+
Misc;Cylindri
Misc;DblAgt98
Misc;DiaBolo
Misc;Diamonds
Misc;DiePirat
Misc;Dodgem91
Misc;Dogz-You
Misc;Drop1991
Misc;DuckCity
Misc;Electran
Misc;FirFight
Misc;futclass
Misc;Gargoyle
Misc;genocide
Misc;Glider40
Misc;GodJul
Misc;Grossolo
Misc;Heroes98
Misc;Hover88
Misc;HypCyc
Misc;Ice-Man
Misc;Isometri
Misc;JezzBall
Misc;Jumanji
Misc;jumpbump
Misc;Katapult
Misc;KryptonE
Misc;Liero
Misc;LMAN96
Misc;LocmanI
Misc;LodeRu94
Misc;MarbleCo
Misc;Marshmal
Misc;MegaBlas
Misc;MeteorMi
Misc;MineBomb
Misc;MoleZ
Misc;MoraSEnt
Misc;MPWaste
Misc;MrBoom
Misc;Nicolaus
Misc;Nitro!
Misc;noctis
Misc;Noggink
Misc;Nogginkn
Misc;oddballz
Misc;OilsWell
Misc;OpAirlif
Misc;Packmaze
Misc;PengTowe
Misc;PlasmaS2
Misc;Popcorn
Misc;Powball
Misc;PumpFig
Misc;Pune1995
Misc;PW2
Misc;Pyromani
Misc;Ratillry
Misc;RocketCh
Misc;Rollin
Misc;Scorched
Misc;simtune
Misc;spackids
Misc;SpitWadW
Misc;Splat!
Misc;StayToon
Misc;StonBrek
Misc;Sys4MTA
Misc;TakeYour
Misc;telschtr
Misc;TheChase
Misc;TheGeekw
Misc;TheX-Foo
Misc;Thomas2
Misc;TnkWar90
Misc;TopChall
Misc;Triplane
Misc;Troika91
Misc;Tronic
Misc;TwinBlok
Misc;VelcroMi
Misc;VWing
Misc;WackyFun
Misc;WallaceG
Misc;WindWiza
Misc;WormsRe
Misc;Xplosive
Misc;YDKJ
Misc;YDKJ2
Misc;YDKJ3
Misc;YDKJMov
Misc;YDKJSprt
Misc;YDKJTV
Misc;YDKJXL
Pinball;1stPerso
Pinball;3DUP
Pinball;3DUPCN
Pinball;3DUPLC
Pinball;Absolute
Pinball;CrysCali
Pinball;Cyberbal
Pinball;EightBal
Pinball;EpicPC95
Pinball;ExtremeP
Pinball;FTilt2
Pinball;FTiltP
Pinball;hyper3D
Pinball;JudgeDr
Pinball;LivingBa
Pinball;LoonLaby
Pinball;NightMis
Pinball;PBArc94
Pinball;PBWiz2k
Pinball;Pin4K
Pinball;Pinball2
Pinball;PinballB
Pinball;PinballP
Pinball;PinballW
Pinball;pinblld
Pinball;pinblld2
Pinball;pinbllf
Pinball;pinblli
Pinball;pinbllm
Pinball;PinBWarr
Pinball;PPBigRac
Pinball;ProPinTS
Pinball;ProPinW
Pinball;PsychoPi
Pinball;RoyalFlu
Pinball;Silverba
Pinball;SlvrBl2+
Pinball;SSPTrist
Pinball;Starball
Pinball;STrekPin
Pinball;TaBPin
Pinball;THPinB
Pinball;TotalPin
Pinball;Tsumera
Pinball;UltPinB
Platform;+K
Platform;25
Platform;AdvTipi
Platform;AlienCar
Platform;AlleyCat
Platform;ambPC
Platform;Apachach
Platform;Armorik
Platform;AstrCntr
Platform;AtomChll
Platform;Avoidthe
Platform;Barbar96
Platform;Beez
Platform;BibleAdv
Platform;BlckZone
Platform;Blinky3
Platform;BraveBD
Platform;BRfFun
Platform;Bug!
Platform;CharlieC
Platform;CharlieI
Platform;Charliet
Platform;Charlyt
Platform;CKeen1
Platform;CKeen2
Platform;CKeen3
Platform;CKeen4
Platform;CKeen5
Platform;CKeen6
Platform;CKeen7
Platform;CKeen8
Platform;CKeen9
Platform;CKeenDr
Platform;clydadv
Platform;clyderev
Platform;ColdDre
Platform;CosmosCo
Platform;CrazDrak
Platform;CrazySue
Platform;DanBurry
Platform;DarkAges
Platform;DDAgency
Platform;DeaTower
Platform;DevilLa
Platform;DracShad
Platform;DremwoAd
Platform;Drilling
Platform;Duchi
Platform;EcoKidA
Platform;EcoKidR
Platform;EcoKidS
Platform;EddyAdv
Platform;EddyCo
Platform;Edna97
Platform;ElfLand
Platform;EoluiM
Platform;Eracha
Platform;FrayLuis
Platform;FStein94
Platform;HappyLan
Platform;Heroes14
Platform;HeroesTh
Platform;HnchBck
Platform;Hopang
Platform;HopyONE
Platform;Impact96
Platform;JackFlas
Platform;JazzCD
Platform;JazzJ94
Platform;JazzJ95
Platform;JazzJack
Platform;Jetpack
Platform;JillgU
Platform;JillJung
Platform;JillStP
Platform;JSnow1
Platform;JSnow2
Platform;JSnow3
Platform;JSnow4
Platform;JungleJa
Platform;Kid
Platform;KingVal2
Platform;KingVall
Platform;KinKon10
Platform;Komebumb
Platform;KongsRev
Platform;LabZeux
Platform;lalapro
Platform;Larax
Platform;LastKnig
Platform;LCoA
Platform;LewLeon
Platform;LitlWily
Platform;Lollypop
Platform;LuigienC
Platform;LuigiSpa
Platform;Lychnis
Platform;MadMac
Platform;MadMac2
Platform;MagiDuck
Platform;MarLuig
Platform;Marioup
Platform;Matterho
Platform;MilotheF
Platform;Milva93
Platform;MimiTheM
Platform;MinosAdv
Platform;Monmalli
Platform;MrToma
Platform;mykoo
Platform;MystWorl
Platform;Necroman
Platform;Oscar
Platform;Panic02
Platform;PeachDrm
Platform;Peachthe
Platform;PerfWorl
Platform;PickleWa
Platform;PlsarFlx
Platform;Pocahont
Platform;Popeye2
Platform;PowerRan
Platform;Prehist2
Platform;Prehisto
Platform;Przygody
Platform;RalloGum
Platform;RaymanF
Platform;RedCat2
Platform;RedCat94
Platform;ReonAdv
Platform;RollingR
Platform;SabansIz
Platform;SDogStry
Platform;SecretAg
Platform;SilasQ
Platform;SintNico
Platform;SkatDrag
Platform;SkunnyBa
Platform;SkunnyIn
Platform;SkunnySa
Platform;SkunnySp
Platform;Smus
Platform;Sonic99
Platform;SonicKNP
Platform;StixWorl
Platform;SuperAng
Platform;SuperPan
Platform;SuperSil
Platform;SuprTrio
Platform;TAoDLToA
Platform;TheCastl
Platform;TheLastK
Platform;ThePackR
Platform;ThePagem
Platform;Toffifee
Platform;Tonko
Platform;Totsugek
Platform;ToxicBun
Platform;TTABBS
Platform;Ugh!
Platform;Ulises
Platform;Vigilanc
Platform;WeareAng
Platform;WereBack
Platform;Wissoll
Platform;wrekpsad
Platform;Xargon
Platform;Yogho
Platform;ZombieWa
Puzzle;1995Card
Puzzle;7colors
Puzzle;acidtetr
Puzzle;Aktiabal
Puzzle;Alchmyst
Puzzle;Amado
Puzzle;AmazonSk
Puzzle;AmbOtT
Puzzle;Amoba11
Puzzle;Anyonefo
Puzzle;ApocAbys
Puzzle;archonul
Puzzle;Astatin
Puzzle;AT16MJ
Puzzle;Atmosfea
Puzzle;averno
Puzzle;baldies
Puzzle;ballgame
Puzzle;baroll
Puzzle;BattCh93
Puzzle;bchess2
Puzzle;bchess4k
Puzzle;bchessCD
Puzzle;Beauborg
Puzzle;BeetrisD
Puzzle;BerlinWa
Puzzle;BestZZT
Puzzle;BezPegs
Puzzle;BlackH93
Puzzle;Bloxi1
Puzzle;Bloxi2
Puzzle;BluBalls
Puzzle;bolix
Puzzle;booly
Puzzle;Boovie
Puzzle;Brainiac
Puzzle;BrainSPr
Puzzle;BrckDLX2
Puzzle;brdgchmp
Puzzle;BreakThr
Puzzle;BrickDLX
Puzzle;BricksGd
Puzzle;BritSqre
Puzzle;BrckDLX2
Puzzle;brix3
Puzzle;brix4
Puzzle;BumpIt!
Puzzle;CapbyPir
Puzzle;Catcher
Puzzle;CavaCard
Puzzle;CGACave
Puzzle;chainrea
Puzzle;ChCh3x
Puzzle;ChessH90
Puzzle;ChessH93
Puzzle;chesswar
Puzzle;chnrct90
Puzzle;ChooChoo
Puzzle;chssim90
Puzzle;Circlink
Puzzle;clckwerx
Puzzle;clokwise
Puzzle;Clone97
Puzzle;contzack
Puzzle;CrdPlyPa
Puzzle;CreaCont
Puzzle;creeprs
Puzzle;crepxmas
Puzzle;Cribbage
Puzzle;crysmaze
Puzzle;Cuber90
Puzzle;Cubits88
Puzzle;cubulus
Puzzle;CursOfRA
Puzzle;cybrchss
Puzzle;DamesSim
Puzzle;Deathbal
Puzzle;Destetro
Puzzle;dflector
Puzzle;diggers
Puzzle;diggers2
Puzzle;DlxChCh
Puzzle;Drak
Puzzle;DrDragos
Puzzle;DrFloyd
Puzzle;DropsLit
Puzzle;ducks
Puzzle;EconsAre
Puzzle;EgypSoli
Puzzle;Endorfun
Puzzle;ExpAtoms
Puzzle;Expo90
Puzzle;Fence92
Puzzle;flipout!
Puzzle;flixmix
Puzzle;FreeCell
Puzzle;gamelife
Puzzle;Gavrila
Puzzle;Gearhead
Puzzle;Get5
Puzzle;GetLost
Puzzle;Gravtris
Puzzle;guardia
Puzzle;guardian
Puzzle;h2o
Puzzle;hamsters
Puzzle;HeroDefi
Puzzle;hextris
Puzzle;hexxagn2
Puzzle;Hierogly
Puzzle;hkmahpro
Puzzle;HodjnPod
Puzzle;HoyleBri
Puzzle;HoyleBSW
Puzzle;HoyleCC
Puzzle;HoylePok
Puzzle;HoyleSol
Puzzle;humans
Puzzle;humans3
Puzzle;IceBox
Puzzle;IceBreak
Puzzle;IceKiss
Puzzle;IkoSan97
Puzzle;JewelsII
Puzzle;Jewelsof
Puzzle;jurachess
Puzzle;kalah93
Puzzle;KaleidoK
Puzzle;Kengi91
Puzzle;Kubix
Puzzle;Kyodai
Puzzle;LabCret
Puzzle;LabyroLi
Puzzle;laserchs
Puzzle;LavaCap
Puzzle;lemm3d
Puzzle;lemmi3d
Puzzle;Lettrix
Puzzle;lexicros
Puzzle;Lexter
Puzzle;LitOut3D
Puzzle;LivingPu
Puzzle;locomoti
Puzzle;logical
Puzzle;LabyroLi
Puzzle;loopy
Puzzle;Lunacy95
Puzzle;Lynq
Puzzle;MagMirr2
Puzzle;manh1992
Puzzle;MarbleDr
Puzzle;marbmast
Puzzle;MasqSAnt
Puzzle;MasqueSo
Puzzle;MedChess
Puzzle;MegaMa94
Puzzle;MegaMorp
Puzzle;mentblok
Puzzle;MerlinsA
Puzzle;MFofGo
Puzzle;MindRol
Puzzle;Mines
Puzzle;Mineswee
Puzzle;MojingDa
Puzzle;MoveIt2
Puzzle;MSEnt1
Puzzle;MSEnt2
Puzzle;MSEnt3
Puzzle;MSEnt4
Puzzle;MSSoli
Puzzle;Nanotank
Puzzle;National
Puzzle;NeldaNoc
Puzzle;nine94
Puzzle;Notyet
Puzzle;Oilmania
Puzzle;OneStepB
Puzzle;Origamo
Puzzle;Osiris
Puzzle;Oxyd2
Puzzle;OxydGold
Puzzle;papuody
Puzzle;PiradaTF
Puzzle;PkrRelay
Puzzle;PrinBubb
Puzzle;PSSW
Puzzle;Pulse96
Puzzle;Pushover
Puzzle;PuzzBrai
Puzzle;PyroII90
Puzzle;Quadrax
Puzzle;Quatris2
Puzzle;rastscan
Puzzle;Redhook
Puzzle;RefChess
Puzzle;RescueR1
Puzzle;RescueR2
Puzzle;Revelati
Puzzle;Ringsoft
Puzzle;Robbo
Puzzle;Robo1234
Puzzle;RobotRas
Puzzle;RuckusPk
Puzzle;Rus6P
Puzzle;sadko
Puzzle;Saper
Puzzle;sauro
Puzzle;Seogun
Puzzle;Seogun95
Puzzle;SetCatan
Puzzle;SGC1
Puzzle;SGC2
Puzzle;SGC3
Puzzle;SGStrat
Puzzle;SGWordP
Puzzle;Shang2DE
Puzzle;ShangGM
Puzzle;Shards95
Puzzle;shlock91
Puzzle;Shortlin
Puzzle;SidAls
Puzzle;SinGanad
Puzzle;Sixx93
Puzzle;Skat3000
Puzzle;SkyCat91
Puzzle;Soko94
Puzzle;SolderR
Puzzle;SoliDlx
Puzzle;SoliJ3x
Puzzle;solijour
Puzzle;SoulMagi
Puzzle;SpacPlum
Puzzle;Splitter
Puzzle;SquarezD
Puzzle;StoneAge
Puzzle;StratHed
Puzzle;SuperTet
Puzzle;SupGemz
Puzzle;Swap92
Puzzle;Switch
Puzzle;Symantec
Puzzle;syyrah
Puzzle;TacTil89
Puzzle;Taipei
Puzzle;Terrace
Puzzle;Tesserae
Puzzle;TetG3x
Puzzle;Tetrille
Puzzle;Tetripz
Puzzle;th!nk
Puzzle;ThaiChss
Puzzle;TheaWar
Puzzle;TheEvenM
Puzzle;TheJongg
Puzzle;THiNK-X
Puzzle;ThPow91
Puzzle;Throwlan
Puzzle;tiledrag
Puzzle;Tilt
Puzzle;TimeRace
Puzzle;TimeWalk
Puzzle;TIncM1
Puzzle;TIncM2
Puzzle;TITM3x
Puzzle;TMGeckos
Puzzle;Towers92
Puzzle;TrianGO
Puzzle;Troddler
Puzzle;Trubis
Puzzle;Tubes93
Puzzle;Tubis93
Puzzle;TurnIt2
Puzzle;TurnIt90
Puzzle;Ugh!
Puzzle;Ultimate
Puzzle;vamptow
Puzzle;vchess
Puzzle;Vetka
Puzzle;Vira!!!
Puzzle;VirsRage
Puzzle;WeeBee
Puzzle;XenoBall
Puzzle;Xfortr
Puzzle;XmasLam
Puzzle;xmaslem
Puzzle;xmslem92
Puzzle;Zmeelov
Puzzle;Zyconix
Race;2Fast4U
Race;AlUnserJ
Race;BatRac95
Race;BCDPPCE
Race;BigRedRa
Race;Billabon
Race;BRdRace
Race;BurnoutC
Race;CarDrive
Race;Carmaged
Race;Carnage
Race;CirRacer
Race;Cycleman
Race;Dakar4x4
Race;DaysofTh
Race;DeadlyRa
Race;DeathRal
Race;Deathtra
Race;F-Zero
Race;F1zig
Race;FatalFum
Race;FordSim5
Race;FormulaK
Race;GPrix2
Race;GPSprint
Race;GTA
Race;GTRacing
Race;Hi-Octan
Race;HiOct
Race;HotSpeed
Race;Ignition
Race;IndyCarR
Race;IndyCR2
Race;Internat
Race;Karting
Race;Kosmonau
Race;KRace96
Race;LastActi
Race;Locus
Race;Mag-Race
Race;ManicKar
Race;MaxRKill
Race;MegaRac2
Race;MegaRace
Race;MGP1990
Race;MicroMa2
Race;MicroMac
Race;MotorMa
Race;MxOvrDrv
Race;NASCAR
Race;NASCAR2
Race;NitroRac
Race;Overdriv
Race;OverHeat
Race;OverMC
Race;PCRally
Race;PopoCar
Race;PowerF1
Race;ProstGra
Race;Quarant
Race;Quarant2
Race;RaceMani
Race;RallyCha
Race;RallyeRa
Race;RallySp
Race;RC1993
Race;RoadHog!
Race;RubiconT
Race;Scorcher
Race;Screamer
Race;Screamr2
Race;ScrmRal
Race;SkunnyKa
Race;SkyRds
Race;SkyRdsX
Race;SlicksnS
Race;SlipSpd
Race;Slipstre
Race;SpeedDem
Race;SpeedHas
Race;SpeedRac
Race;SpeedRag
Race;Stock88
Race;StuntDri
Race;Stunts
Race;Supercar
Race;SuperKar
Race;SuperWo
Race;ThunderO
Race;ThunderT
Race;TNFSSE
Race;TouringC
Race;TrackAtt
Race;Trucks97
Race;TstDriv
Race;TstDriv2
Race;TstDriv3
Race;TstDrivO
Race;Tube
Race;Tunnelso
Race;VirtualK
Race;WackyWhe
Race;Whiplash
Race;WorldRal
Race;WorldWid
Race;WreckinC
Race;XCarExpe
RPG;2400ad
RPG;4crysTr
RPG;9livosak
RPG;aeth1cly
RPG;albion
RPG;aleshar
RPG;alielogi
RPG;AllegHak
RPG;alqadim
RPG;ambrstar
RPG;amularm
RPG;angband
RPG;anvldawn
RPG;apshai
RPG;bardcons
RPG;BardLor2
RPG;BardLore
RPG;BardQDoU
RPG;bardtal1
RPG;bardtal2
RPG;bardtal3
RPG;batspire
RPG;BetAntar
RPG;BlaExil
RPG;blind
RPG;brany
RPG;BRcdoom
RPG;BRmatrix
RPG;burntime
RPG;captiver
RPG;CasWind
RPG;cawdor
RPG;chal5r
RPG;CityBtS
RPG;ckrynn
RPG;cobmiss
RPG;CronGal2
RPG;CronGali
RPG;cryarbor
RPG;curse
RPG;damegate
RPG;darkland
RPG;desund
RPG;dgalone
RPG;dkkrynn
RPG;doomdark
RPG;drflame
RPG;drkhrtuu
RPG;drkqueen
RPG;druiddm
RPG;dsun
RPG;RAVAGER
RPG;duhack
RPG;dumast1
RPG;dumast2
RPG;duskgod
RPG;eob1
RPG;eob2
RPG;eob3
RPG;ESarena
RPG;escahell
RPG;EscRagor
RPG;EscRagr2
RPG;ESdagger
RPG;Exile-Es
RPG;ExileII-
RPG;ExileIII
RPG;EXP
RPG;fallout1
RPG;Fatetwin
RPG;fireking
RPG;flamstrm
RPG;ForLege
RPG;foundrea
RPG;gatesf
RPG;gunblaze
RPG;HACK
RPG;hexxhere
RPG;hiredgun
RPG;hoboken
RPG;HongGil1
RPG;hotdfta2
RPG;infertom
RPG;ISHAR1
RPG;ISHAR2
RPG;ISHAR3
RPG;joyrebel
RPG;jrrtf1
RPG;jrrtf2
RPG;kxentar
RPG;legaanci
RPG;legacy
RPG;legom1
RPG;legom2
RPG;legval
RPG;LLGD
RPG;LLToC
RPG;lmdap
RPG;LODP196
RPG;LOM
RPG;LOM3
RPG;madman
RPG;madpara
RPG;magcand1
RPG;magcand2
RPG;magcand3
RPG;Maguc2nd
RPG;maitreabs
RPG;marssaga
RPG;MegaTra1
RPG;MegaTra2
RPG;menzo
RPG;MM1
RPG;MM2
RPG;MM3
RPG;MM4
RPG;MM5
RPG;MM6
RPG;MM7
RPG;moebius
RPG;moonahdk
RPG;Mordor-T
RPG;moria
RPG;mystsong
RPG;nemesisw
RPG;NetHack+
RPG;NetHack-
RPG;nethack
RPG;nevewint
RPG;NHFalcon
RPG;Nishiran
RPG;Noudar3D
RPG;obitus
RPG;origmula
RPG;planedge
RPG;pooldark
RPG;poolrad
RPG;PrinMak2
RPG;prophfal
RPG;prophsha
RPG;Psionic
RPG;QtDEsc
RPG;rarkani1
RPG;STAR
RPG;rarkani3
RPG;ravenlo2
RPG;ravenlof
RPG;redcryss
RPG;RedGuard
RPG;RevoDK
RPG;RING
RPG;rogclon
RPG;rogue
RPG;RolCrusa
RPG;romepath
RPG;RotFK95
RPG;RotPDP
RPG;samtong
RPG;scavmutw
RPG;secsilbl
RPG;sentw1fm
RPG;sevspira
RPG;SevSwoMe
RPG;shadland
RPG;shadsorc
RPG;shadworl
RPG;shadyser
RPG;ShapSift
RPG;sharspri
RPG;Silmar
RPG;Slash
RPG;solarwin
RPG;sorceria
RPG;spac1889
RPG;spacrogu
RPG;spacwrek
RPG;speljamp
RPG;spiradv
RPG;spiriwar
RPG;srogue
RPG;starvega
RPG;StnMist1
RPG;StnMist2
RPG;stonkeep
RPG;tangtale
RPG;timelore
RPG;TowLBan
RPG;towsouls
RPG;TreasSav
RPG;triamagi
RPG;tsummon
RPG;tunntrol
RPG;ultima0
RPG;Ultima1
RPG;Ultima2
RPG;Ultima3
RPG;ultima4
RPG;ultima5
RPG;ultima6
RPG;ultima71
RPG;ultima72
RPG;ultima8
RPG;ultimau1
RPG;ultimau2
RPG;Ultizrk2
RPG;Ultizrk3
RPG;ultizurk
RPG;unlimadv
RPG;untima
RPG;valhalla
RPG;vengexca
RPG;visionaf
RPG;warrileg
RPG;WarWiz94
RPG;wastland
RPG;waxworks
RPG;whalvoy1
RPG;whalvoy2
RPG;wibarm
RPG;wizar1
RPG;wizar2
RPG;wizar3
RPG;wizar4
RPG;wizar5
RPG;wizar6
RPG;wizar7
RPG;wizarcro
RPG;wizawars
RPG;WizGold
RPG;wlsonemp
RPG;worladen
RPG;WorldofA
RPG;wraith95
RPG;wultima
RPG;wultima2
RPG;xmen2fm
RPG;YS2sp
RPG;yvanome
RPG;ZakaMaan
RPG;Zangband
RPG;zeliard
RPG;ZZTRev
ShootEmUp;386Spys
ShootEmUp;3DBaller
ShootEmUp;3DHero
ShootEmUp;3DSF
ShootEmUp;4thgen
ShootEmUp;Abaron
ShootEmUp;AbZero
ShootEmUp;Adentrat
ShootEmUp;AgeDrag
ShootEmUp;AHtTADS
ShootEmUp;AirStr95
ShootEmUp;AirStr98
ShootEmUp;AlieTerm
ShootEmUp;ambAI
ShootEmUp;ANIMAC
ShootEmUp;Annihila
ShootEmUp;aquaphob
ShootEmUp;Artman97
ShootEmUp;AryaVaiv
ShootEmUp;AssaultR
ShootEmUp;AssImpct
ShootEmUp;AssTroop
ShootEmUp;AstroBla
ShootEmUp;Axia
ShootEmUp;Babylon5
ShootEmUp;BAD97
ShootEmUp;Baryon
ShootEmUp;BatChop
ShootEmUp;BattFire
ShootEmUp;BDuck
ShootEmUp;Bedlam2A
ShootEmUp;Bedlam96
ShootEmUp;BigGuns
ShootEmUp;BioDomes
ShootEmUp;BionicPo
ShootEmUp;Bios90
ShootEmUp;Blaster!
ShootEmUp;blurway
ShootEmUp;BMF
ShootEmUp;Boomrang
ShootEmUp;boxrang
ShootEmUp;CapFizz
ShootEmUp;CapKang
ShootEmUp;ChopDuel
ShootEmUp;ClifDang
ShootEmUp;CobrGuns
ShootEmUp;Colony28
ShootEmUp;Combatro
ShootEmUp;CommEnh
ShootEmUp;conquer1
ShootEmUp;CQ4000
ShootEmUp;CrimeWav
ShootEmUp;CrystMap
ShootEmUp;Cyberbyk
ShootEmUp;CyberRac
ShootEmUp;CybMari
ShootEmUp;Cybotron
ShootEmUp;Dactylus
ShootEmUp;DarkMoon
ShootEmUp;DarkRage
ShootEmUp;DawgFite
ShootEmUp;DawnRaid
ShootEmUp;DECIMATE
ShootEmUp;DeepFort
ShootEmUp;DeepRed
ShootEmUp;DefFree
ShootEmUp;DeltaV
ShootEmUp;DelvionS
ShootEmUp;Desafio
ShootEmUp;DesRaidr
ShootEmUp;DestZone
ShootEmUp;DevilDea
ShootEmUp;DF1Tank
ShootEmUp;DOGFight
ShootEmUp;Domo1993
ShootEmUp;DOOM2D
ShootEmUp;DragPowr
ShootEmUp;Drone
ShootEmUp;DrTuka3D
ShootEmUp;UFEardis
ShootEmUp;EnemyLi
ShootEmUp;EnemySta
ShootEmUp;EscSt7
ShootEmUp;Expedien
ShootEmUp;ExtremeA
ShootEmUp;Feedback
ShootEmUp;FinalImp
ShootEmUp;FinalOrb
ShootEmUp;Firewind
ShootEmUp;FiroKlaw
ShootEmUp;fly2020
ShootEmUp;FlyingT2
ShootEmUp;FlyingTi
ShootEmUp;FMJack2
ShootEmUp;FMJacket
ShootEmUp;FoxRang2
ShootEmUp;FoxRange
ShootEmUp;Fury3
ShootEmUp;FutureDi
ShootEmUp;Galactix
ShootEmUp;GammaWin
ShootEmUp;GanjaFar
ShootEmUp;Glook
ShootEmUp;GoGoOS
ShootEmUp;Guimo
ShootEmUp;GunHed
ShootEmUp;Hellfire
ShootEmUp;HighwayH
ShootEmUp;Hondon
ShootEmUp;HUNT2
ShootEmUp;IAS
ShootEmUp;IfItMove
ShootEmUp;Iljimae
ShootEmUp;Illusion
ShootEmUp;Interpos
ShootEmUp;Intothe
ShootEmUp;IslandHo
ShootEmUp;Izmir
ShootEmUp;JeepWar
ShootEmUp;Jetstrik
ShootEmUp;JumpRave
ShootEmUp;Juno1st
ShootEmUp;Katharsi
ShootEmUp;Kiloblas
ShootEmUp;Kristor
ShootEmUp;KuwaitAs
ShootEmUp;LABlaste
ShootEmUp;Lada96
ShootEmUp;LaHistor
ShootEmUp;Lunicus
ShootEmUp;MachNati
ShootEmUp;MajorStr
ShootEmUp;massdest
ShootEmUp;MCobra98
ShootEmUp;MegaDest
ShootEmUp;MegaFor2
ShootEmUp;MegaMaze
ShootEmUp;MegaPhoe
ShootEmUp;Merlin95
ShootEmUp;MetalRag
ShootEmUp;MirageT
ShootEmUp;MissM32x
ShootEmUp;MonoSpac
ShootEmUp;NebFite
ShootEmUp;Nmongo
ShootEmUp;Oblit96
ShootEmUp;OlmangJo
ShootEmUp;OpCarna
ShootEmUp;OpInner
ShootEmUp;OpSpceHg
ShootEmUp;OPV1
ShootEmUp;OPV3CC
ShootEmUp;Overki92
ShootEmUp;Oxide
ShootEmUp;Patrulla
ShootEmUp;Phase2
ShootEmUp;Phylox
ShootEmUp;PigPooya
ShootEmUp;Piranha
ShootEmUp;PlexutTT
ShootEmUp;ProjectP
ShootEmUp;Proto
ShootEmUp;Przeklet
ShootEmUp;PunkDuck
ShootEmUp;Pyrotech
ShootEmUp;QADQuint
ShootEmUp;QiXiao
ShootEmUp;Quadnet
ShootEmUp;QuatrCom
ShootEmUp;RaptorCa
ShootEmUp;Ravage
ShootEmUp;RebelRun
ShootEmUp;Returnof
ShootEmUp;RevoMC
ShootEmUp;RoboHunt
ShootEmUp;RodgeRoc
ShootEmUp;Rooster
ShootEmUp;RS2
ShootEmUp;SAF97
ShootEmUp;SandStor
ShootEmUp;ScoPlan
ShootEmUp;SDI1988
ShootEmUp;SeekandD
ShootEmUp;Shellsho
ShootEmUp;ShitFite
ShootEmUp;ShootL2
ShootEmUp;SibalM3
ShootEmUp;SidLin96
ShootEmUp;Sirwood
ShootEmUp;SkunnyLo
ShootEmUp;SkunnysD
ShootEmUp;SkyBombr
ShootEmUp;SkyRica
ShootEmUp;SlordaxT
ShootEmUp;Smashing
ShootEmUp;SOP3IMUW
ShootEmUp;Soviet90
ShootEmUp;SpacCutt
ShootEmUp;Spacwr85
ShootEmUp;SpectreV
ShootEmUp;Spheroid
ShootEmUp;Spin1996
ShootEmUp;SplayMas
ShootEmUp;SpyMast
ShootEmUp;Sslotte
ShootEmUp;SStrDust
ShootEmUp;Stalker1
ShootEmUp;Starcom
ShootEmUp;Starfire
ShootEmUp;StarFort
ShootEmUp;Stargoos
ShootEmUp;Stargunn
ShootEmUp;StarHamm
ShootEmUp;StarMin2
ShootEmUp;Stillhun
ShootEmUp;STORM96
ShootEmUp;StrDst95
ShootEmUp;StrikeII
ShootEmUp;StrikePo
ShootEmUp;SubFury
ShootEmUp;Suburban
ShootEmUp;SungSegi
ShootEmUp;SuperBee
ShootEmUp;SuperCo
ShootEmUp;SuprCyb
ShootEmUp;SurfaceT
ShootEmUp;SWAR!
ShootEmUp;SWARS2
ShootEmUp;SWIV3D
ShootEmUp;SWRA
ShootEmUp;SWRA2
ShootEmUp;Tailchas
ShootEmUp;TaitosSu
ShootEmUp;TankComm
ShootEmUp;TankeDJu
ShootEmUp;Tempest2
ShootEmUp;TermVel
ShootEmUp;TerraFir
ShootEmUp;Terroid
ShootEmUp;TheDay4I
ShootEmUp;TheDay5A
ShootEmUp;TheOrion
ShootEmUp;Thera
ShootEmUp;TheRaven
ShootEmUp;TheSpace
ShootEmUp;TheyCall
ShootEmUp;Threat
ShootEmUp;ThSt97
ShootEmUp;Thunders
ShootEmUp;ThunStri
ShootEmUp;TimeTarg
ShootEmUp;Tracer96
ShootEmUp;TrafficD
ShootEmUp;Trauma
ShootEmUp;Triclops
ShootEmUp;TripThrt
ShootEmUp;TROUBLE
ShootEmUp;trueblud
ShootEmUp;TunnelB1
ShootEmUp;Tyrian
ShootEmUp;Tyrian20
ShootEmUp;UFEardis
ShootEmUp;UFOInvad
ShootEmUp;UltTapan
ShootEmUp;Universa
ShootEmUp;URBAN99
ShootEmUp;USHFBey
ShootEmUp;UVWorlds
ShootEmUp;Vanguard
ShootEmUp;vanslug
ShootEmUp;VGAShark
ShootEmUp;Virus88
ShootEmUp;VonKrash
ShootEmUp;Wingstar
ShootEmUp;WQuest93
ShootEmUp;xap
ShootEmUp;Xenopods
ShootEmUp;Xerix
ShootEmUp;xerix2
ShootEmUp;ZBlast
ShootEmUp;Zisthe
ShootEmUp;Zone66
Simulation;1942-The
Simulation;1942PAW
Simulation;688Attac
Simulation;A-10Tank
Simulation;AceofAce
Simulation;AcesotD
Simulation;AcesotP
Simulation;AcesOver
Simulation;AchtungS
Simulation;AEGISGua
Simulation;age2
Simulation;AgeofSai
Simulation;AH3ThS
Simulation;AirDuel8
Simulation;AirHavoc
Simulation;AirLSim
Simulation;AirPower
Simulation;AirWarri
Simulation;alphstor
Simulation;Ameri3x
Simulation;Apache
Simulation;Archimed
Simulation;ArmFist2
Simulation;ArmoredF
Simulation;atacswad
Simulation;av8b
Simulation;Batfish
Simulation;bcruis3k
Simulation;bg2Get
Simulation;bg3wat
Simulation;bg4Shi
Simulation;bg5Ant
Simulation;bg6NiR
Simulation;bg7Bull
Simulation;bg8PW
Simulation;bgArd
Simulation;BlackKni
Simulation;Borodino
Simulation;cariwar2
Simulation;CarriWar
Simulation;CCarratW
Simulation;ChukYAC
Simulation;Coman2
Simulation;Coman3
Simulation;ComanCD
Simulation;CombatAi
Simulation;CSS
Simulation;CyberStr
Simulation;Darker
Simulation;Darkligh
Simulation;DasBootG
Simulation;DasHexag
Simulation;DawnPat
Simulation;DawnPatH
Simulation;dday
Simulation;ddayboe
Simulation;DecatGet
Simulation;DedlySky
Simulation;DescentA
Simulation;Descnt2V
Simulation;dinopark
Simulation;DolphnB1
Simulation;DolphnB3
Simulation;DragonSt
Simulation;MetltecE
Simulation;EarthSie
Simulation;EF2000Sp
Simulation;elitep
Simulation;Emergenc
Simulation;ESSMega
Simulation;EvasiveA
Simulation;eyestorm
Simulation;F-22Ligh
Simulation;F15SE3
Simulation;FalconGo
Simulation;FastAtta
Simulation;FComm2
Simulation;FightDSE
Simulation;FighterW
Simulation;firestor
Simulation;FiteComm
Simulation;FleetDef
Simulation;FlightLi
Simulation;FlightUn
Simulation;FlyCorpG
Simulation;WarEagle
Simulation;frontier
Simulation;frontir2
Simulation;GalEmpr
Simulation;gnb1na
Simulation;gnb2g
Simulation;gnb3fp
Simulation;gnb4bs
Simulation;gnb5dd
Simulation;GSHP2KCD
Simulation;HarpC95
Simulation;HarpC97
Simulation;Heroesof
Simulation;HINDTheR
Simulation;Hyperspe
Simulation;iF-16Fig
Simulation;Inferno
Simulation;IronAssa
Simulation;Jaws89
Simulation;JCAH64D
Simulation;JCATF
Simulation;JFight2O
Simulation;JFight3C
Simulation;JFightFB
Simulation;JFighttA
Simulation;jonefast
Simulation;Jutland
Simulation;K1Tank
Simulation;KillingC
Simulation;landd2
Simulation;Leningra
Simulation;Lightspe
Simulation;Lion
Simulation;ManOfWar
Simulation;MechW2
Simulation;MechW2M
Simulation;megafort
Simulation;MerlinCh
Simulation;MetltecB
Simulation;MetltecE
Simulation;MSFlght
Simulation;MSFlght2
Simulation;MSFlght3
Simulation;MSFlght4
Simulation;MSFlght5
Simulation;MSSpace
Simulation;mwarrior
Simulation;NavyStri
Simulation;ovrlrd94
Simulation;PacificI
Simulation;PacificS
Simulation;PoPosit
Simulation;PrecAppr
Simulation;Priv2SE
Simulation;Nomad93
Simulation;PTBoatSi
Simulation;rapcon
Simulation;ReachFtS
Simulation;RenBfJS
Simulation;RenRtJS
Simulation;Retribut
Simulation;Rostov
Simulation;Sandwarr
Simulation;SealTeam
Simulation;SecWepCD
Simulation;Shattere
Simulation;SilentTh
Simulation;SilHnt
Simulation;Smolensk
Simulation;SSComTBS
Simulation;StarCrus
Simulation;Starfigh
Simulation;StarQue
Simulation;StarRang
Simulation;SteelThu
Simulation;Stellar7
Simulation;StForHar
Simulation;Stormovi
Simulation;StormWst
Simulation;StrikCoC
Simulation;StrikeBa
Simulation;StuntIsl
Simulation;Su-27Fla
Simulation;Subhunt
Simulation;SubwarCD
Simulation;SVGAHarr
Simulation;SWTieCD
Simulation;SWXWCD
Simulation;TaskForc
Simulation;TeamYank
Simulation;TerraNov
Simulation;TFX
Simulation;TheLastD
Simulation;TheSoari
Simulation;TheTrain
Simulation;TheWarCo
Simulation;TopGunFi
Simulation;TornadoO
Simulation;Tower
Simulation;Trac2Win
Simulation;Ultrabot
Simulation;USNavFiG
Simulation;USSTicon
Simulation;USSYoung
Simulation;veritech
Simulation;VGACWS
Simulation;VirtSqua
Simulation;WargameC
Simulation;Warinthe
Simulation;WarNap
Simulation;WC
Simulation;WC2DLX
Simulation;WC3HotT
Simulation;WC4PoF
Simulation;WCAcad
Simulation;WCPriv
Simulation;Werewolf
Simulation;Wings-Sa
Simulation;WingsofG
Simulation;WingThun
Simulation;WinTrek
Simulation;WinTrek2
Simulation;Wolf
Simulation;WolfPaEn
Simulation;WW2AirFo
Simulation;WWIIEuro
Simulation;Xenocide
Simulation;XF5700Ma
Sports;3DBallBl
Sports;3DCyPuck
Sports;3DUPMG
Sports;4-DBoxin
Sports;ActionSo
Sports;AFLFinal
Sports;AlienOly
Sports;APTGolf
Sports;ArcadePo
Sports;BackBase
Sports;Backyard
Sports;BaoxDuo
Sports;BassDuel
Sports;BassTour
Sports;BatSpo97
Sports;BigGameF
Sports;Billia93
Sports;BoleBeac
Sports;CavemanU
Sports;CCTennis
Sports;chmpmn97
Sports;CircGa89
Sports;CircusAt
Sports;CompaqGS
Sports;CybrPony
Sports;DavidLea
Sports;DCCTenis
Sports;DDHR
Sports;DDMSoc97
Sports;DigiDown
Sports;Drazen
Sports;EmpireSo
Sports;epicbase
Sports;ESPNAB95
Sports;ESVGS
Sports;ExtTenni
Sports;FBLimit
Sports;FishDel
Sports;FPSFP96
Sports;FPSTBas2
Sports;FPSTBasN
Sports;FPSTRiv
Sports;FtballG
Sports;FunkBall
Sports;Furcol
Sports;FuzzysWo
Sports;GNCGolf
Sports;GolfPro
Sports;GPTen87
Sports;GraveYar
Sports;Haebyeon
Sports;IntHock
Sports;IntRugby
Sports;jaialai
Sports;Jammit
Sports;JonahLom
Sports;Killerba
Sports;KingpinA
Sports;Kingsoft
Sports;KOff94
Sports;LaVuelta
Sports;LeeTrev
Sports;LinksLS1
Sports;Lnks386C
Sports;Lakersve
Sports;MichaelJ
Sports;MikeDitk
Sports;MounBR
Sports;MSGolf
Sports;MSGolf2
Sports;MUFutbol
Sports;NCAACham
Sports;NCAARoad
Sports;NCAARod2
Sports;NHL94
Sports;NHL97
Sports;OfficeDa
Sports;OldTimeB
Sports;OlimG92
Sports;Olimpiad
Sports;PCBask4
Sports;PCFutB5
Sports;PGAEurop
Sports;PGATour9
Sports;PoksoB
Sports;PoolCham
Sports;PPGolf
Sports;Professi
Sports;ProTenSi
Sports;Quarterb
Sports;QuarterP
Sports;RchGld93
Sports;RolandG
Sports;Rollerbl
Sports;RugbyWor
Sports;SensGolf
Sports;ServeVol
Sports;SierraCh
Sports;SimDeBox
Sports;SkiFree
Sports;SLRugby
Sports;SLSoc89
Sports;SoccerSu
Sports;SolidIce
Sports;SperSki
Sports;SperSki2
Sports;SperSki3
Sports;SperSkiP
Sports;SpPara3x
Sports;StreetFB
Sports;Striker9
Sports;Strikr96
Sports;SuperAc
Sports;TeeTime
Sports;TennisEl
Sports;VBallHom
Sports;TimPumb
Sports;TKOCFB
Sports;tophbass
Sports;TotalCnF
Sports;Tour91
Sports;TriplePl
Sports;TrophyBa
Sports;TwistedM
Sports;UltFot95
Sports;Unnece95
Sports;Unnece96
Sports;Unnecess
Sports;VBallHomi
Sports;VirtTenn
Sports;VirtualP
Sports;VirtualS
Sports;VRSoccer
Sports;WayneGH1
Sports;WayneGH2
Sports;WayneGH3
Sports;WayneGre
Sports;WembleyR
Sports;WorldCr
Sports;WorldHoc
Sports;wprostgo
Strategy-Management;1830
Strategy-Management;1869
Strategy-Management;5thflet
Strategy-Management;a-train
Strategy-Management;anciaw
Strategy-Management;acrhine
Strategy-Management;advcivi
Strategy-Management;AdvSTCO
Strategy-Management;Afterlif
Strategy-Management;aimpoint
Strategy-Management;AirBucks
Strategy-Management;airfrcco
Strategy-Management;Airline
Strategy-Management;Airlines
Strategy-Management;aivnetw
Strategy-Management;alienleg
Strategy-Management;AlliedGe
Strategy-Management;ambsori
Strategy-Management;armada
Strategy-Management;armada25
Strategy-Management;armomoon
Strategy-Management;ARSENALP
Strategy-Management;ascendy
Strategy-Management;ashempi
Strategy-Management;Balanceo
Strategy-Management;baris
Strategy-Management;baron83
Strategy-Management;batlbugs
Strategy-Management;batltec2
Strategy-Management;batltech
Strategy-Management;BattBism
Strategy-Management;BattleIs
Strategy-Management;betrayal
Strategy-Management;bgorgon
Strategy-Management;bigbusi
Strategy-Management;Biing!Se
Strategy-Management;bisle
Strategy-Management;bisle2
Strategy-Management;blitzbaa
Strategy-Management;bludbowl
Strategy-Management;bludmagi
Strategy-Management;breach3
Strategy-Management;CaAPAdv
Strategy-Management;caeser
Strategy-Management;caeser2
Strategy-Management;CapPig
Strategy-Management;captlsm
Strategy-Management;captlsmp
Strategy-Management;castles
Strategy-Management;castles2
Strategy-Management;castnort
Strategy-Management;cavewars
Strategy-Management;celttale
Strategy-Management;centdor
Strategy-Management;centint
Strategy-Management;CEO
Strategy-Management;champraj
Strategy-Management;CitBAff
Strategy-Management;Civ2Gold
Strategy-Management;Civ3x
Strategy-Management;Civnet
Strategy-Management;CivWarBS
Strategy-Management;civwart
Strategy-Management;clashsw2
Strategy-Management;clonk
Strategy-Management;Clonk2
Strategy-Management;clonk3
Strategy-Management;clonkape
Strategy-Management;ClubCoun
Strategy-Management;Coaster
Strategy-Management;comcon
Strategy-Management;comconra
Strategy-Management;commadvs
Strategy-Management;commhq
Strategy-Management;ConfEuro
Strategy-Management;confkor
Strategy-Management;conflict
Strategy-Management;confme
Strategy-Management;confv
Strategy-Management;conqestE
Strategy-Management;conqestJ
Strategy-Management;conqking
Strategy-Management;conqstND
Strategy-Management;conqurAD
Strategy-Management;countact
Strategy-Management;crazycow
Strategy-Management;Creat97
Strategy-Management;crisiskr
Strategy-Management;Crus1995
Strategy-Management;CRWMeJa
Strategy-Management;custcomm
Strategy-Management;cybremp
Strategy-Management;cybrjud
Strategy-Management;darklegi
Strategy-Management;DarkUniv
Strategy-Management;DarwinAr
Strategy-Management;DarwinIs
Strategy-Management;DayoPhar
Strategy-Management;ddayai
Strategy-Management;Deadlock
Strategy-Management;defalamo
Strategy-Management;Detroit
Strategy-Management;dimecity
Strategy-Management;disccolu
Strategy-Management;dominus
Strategy-Management;DRAGforc
Strategy-Management;dragonlo
Strategy-Management;dranstrm
Strategy-Management;Dschump
Strategy-Management;dune2
Strategy-Management;Dune395
Strategy-Management;duneext
Strategy-Management;dungkeep
Strategy-Management;eart2140
Strategy-Management;edblugry
Strategy-Management;El-Fish
Strategy-Management;empidlx
Strategy-Management;empire2
Strategy-Management;EnemyNat
Strategy-Management;EotW
Strategy-Management;Epidemic
Strategy-Management;EverestI
Strategy-Management;explorat
Strategy-Management;f1manag
Strategy-Management;f1managp
Strategy-Management;FallHero
Strategy-Management;fallweis
Strategy-Management;fantempi
Strategy-Management;fantgen
Strategy-Management;fieldglo
Strategy-Management;Fieldsof
Strategy-Management;floor13
Strategy-Management;fragalle
Strategy-Management;FreeRinD
Strategy-Management;fronline
Strategy-Management;Frontlin
Strategy-Management;FtApache
Strategy-Management;fullmeta
Strategy-Management;GazDLX
Strategy-Management;genderwr
Strategy-Management;genewars
Strategy-Management;globconq
Strategy-Management;globdomi
Strategy-Management;globeffe
Strategy-Management;gloriana
Strategy-Management;GnomAlon
Strategy-Management;goldamer
Strategy-Management;GoodFirm
Strategy-Management;GPMan
Strategy-Management;GPMan2
Strategy-Management;Grant-Le
Strategy-Management;Green92
Strategy-Management;hammgod
Strategy-Management;hannibal
Strategy-Management;heirthro
Strategy-Management;heromm
Strategy-Management;heromm2d
Strategy-Management;hexsider
Strategy-Management;highcome
Strategy-Management;HighComm
Strategy-Management;hist1914
Strategy-Management;Historyo
Strategy-Management;HolidayI
Strategy-Management;HostTkO2
Strategy-Management;hseastra
Strategy-Management;imperig
Strategy-Management;imperium
Strategy-Management;inordes
Strategy-Management;intovoid
Strategy-Management;ironseed
Strategy-Management;ItsaFunn
Strategy-Management;jaggall
Strategy-Management;jaggalld
Strategy-Management;janggun
Strategy-Management;jrrtror
Strategy-Management;juraswar
Strategy-Management;ka50hoku
Strategy-Management;kaisdlx
Strategy-Management;KinBou93
Strategy-Management;kingawar
Strategy-Management;kingboun
Strategy-Management;kinggerm
Strategy-Management;kknd
Strategy-Management;KlonMoon
Strategy-Management;LastLaib
Strategy-Management;Legions
Strategy-Management;lemperer
Strategy-Management;LGdePPD
Strategy-Management;LGLeJeu
Strategy-Management;LifeD
Strategy-Management;LifeD2
Strategy-Management;linesand
Strategy-Management;lordofrm
Strategy-Management;lordorm2
Strategy-Management;LunaCom2
Strategy-Management;lunacomm
Strategy-Management;machprin
Strategy-Management;madnews
Strategy-Management;madtv
Strategy-Management;madtv2
Strategy-Management;maelstro
Strategy-Management;MarcoPol
Strategy-Management;mastmagi
Strategy-Management;mastori
Strategy-Management;mastori2
Strategy-Management;Mauction
Strategy-Management;max
Strategy-Management;medilske
Strategy-Management;mediwarr
Strategy-Management;mercolon
Strategy-Management;mercprin
Strategy-Management;MillAlDe
Strategy-Management;MMarine
Strategy-Management;MMarineM
Strategy-Management;ModemWar
Strategy-Management;MortalCo
Strategy-Management;MotorCit
Strategy-Management;MutantPe
Strategy-Management;Nectaris
Strategy-Management;NuclearW
Strategy-Management;Objectio
Strategy-Management;OceanTra
Strategy-Management;Offensiv
Strategy-Management;Ogre86
Strategy-Management;oilbar92
Strategy-Management;OntheBal
Strategy-Management;OpC2LSA
Strategy-Management;opcombat
Strategy-Management;OpCrusad
Strategy-Management;OrdaSV99
Strategy-Management;oregontd
Strategy-Management;OTB
Strategy-Management;OTrail2
Strategy-Management;OTrail25
Strategy-Management;Otrail3x
Strategy-Management;Outpost
Strategy-Management;Overlord
Strategy-Management;OvertheR
Strategy-Management;PanicSol
Strategy-Management;PBTime2
Strategy-Management;PCBakte
Strategy-Management;PerfectG
Strategy-Management;PerfGen
Strategy-Management;PizzaTyc
Strategy-Management;PlanetX3
Strategy-Management;polanie
Strategy-Management;Populous
Strategy-Management;Populs2
Strategy-Management;PortsofC
Strategy-Management;PowerDol
Strategy-Management;Powerhou
Strategy-Management;PowerIBM
Strategy-Management;PowerMon
Strategy-Management;PowerPol
Strategy-Management;PowStrug
Strategy-Management;pqswat
Strategy-Management;Prince89
Strategy-Management;Profitan
Strategy-Management;Prolifer
Strategy-Management;PTO-Paci
Strategy-Management;Race1996
Strategy-Management;RagstoRi
Strategy-Management;Ramses94
Strategy-Management;Realms
Strategy-Management;RedGhost
Strategy-Management;ReelectJ
Strategy-Management;RemTom98
Strategy-Management;Renegade
Strategy-Management;Reunion
Strategy-Management;revo76
Strategy-Management;RingsofM
Strategy-Management;Risk3x
Strategy-Management;RobertEL
Strategy-Management;RoboSpor
Strategy-Management;tromed
Strategy-Management;Romanceo
Strategy-Management;RuleEng1
Strategy-Management;RuleEng2
Strategy-Management;SabreTea
Strategy-Management;ScenToW
Strategy-Management;sd2class
Strategy-Management;SeaRogue
Strategy-Management;SecondFr
Strategy-Management;SerfCity
Strategy-Management;Settlr2G
Strategy-Management;SevenCit
Strategy-Management;ShadowPr
Strategy-Management;Siege92
Strategy-Management;SimAnt-T
Strategy-Management;simant
Strategy-Management;SimC23x
Strategy-Management;SimCi3x
Strategy-Management;SimCity2
Strategy-Management;SimCityC
Strategy-Management;SimCityE
Strategy-Management;SimEa3x
Strategy-Management;simearth
Strategy-Management;SimFa3x
Strategy-Management;SimFarm
Strategy-Management;SimHealt
Strategy-Management;SimIsle
Strategy-Management;SimLi3x
Strategy-Management;SimLife
Strategy-Management;SimPark
Strategy-Management;SimRefin
Strategy-Management;SimTower
Strategy-Management;SimTown
Strategy-Management;sirius
Strategy-Management;Slay
Strategy-Management;SMCivili
Strategy-Management;SMColoni
Strategy-Management;SMRailTD
Strategy-Management;Solidarn
Strategy-Management;SoliTwin
Strategy-Management;Sorcerer
Strategy-Management;SpaceBuc
Strategy-Management;SpaceCon
Strategy-Management;SpcConfl
Strategy-Management;SpcHo3x
Strategy-Management;SpcHulk
Strategy-Management;SpecialF
Strategy-Management;Speculat
Strategy-Management;SpellCra
Strategy-Management;Spellcro
Strategy-Management;Spoilsof
Strategy-Management;SPWW2
Strategy-Management;SSN21Se
Strategy-Management;StarComm
Strategy-Management;StarCon
Strategy-Management;StarCon2
Strategy-Management;StarCon3
Strategy-Management;StarGene
Strategy-Management;StarLegi
Strategy-Management;Starlord
Strategy-Management;StarReac
Strategy-Management;Stars!
Strategy-Management;steelemp
Strategy-Management;StlPan1
Strategy-Management;StlPan2
Strategy-Management;StlPan3
Strategy-Management;StormMas
Strategy-Management;StrikeSq
Strategy-Management;StrLords
Strategy-Management;Strongho
Strategy-Management;StrTrk81
Strategy-Management;Subtrade
Strategy-Management;Surviv95
Strategy-Management;Swordoft
Strategy-Management;Syndicat
Strategy-Management;SyndWars
Strategy-Management;Taso
Strategy-Management;TCWMPE
Strategy-Management;TegelsM
Strategy-Management;TerraInc
Strategy-Management;TheaDeth
Strategy-Management;TheBig3
Strategy-Management;TheBigOn
Strategy-Management;TheChess
Strategy-Management;TheGloba
Strategy-Management;TheHorde
Strategy-Management;TheLostT
Strategy-Management;ThemHosp
Strategy-Management;ThemPark
Strategy-Management;ThePatri
Strategy-Management;TheRiseR
Strategy-Management;ThirdRei
Strategy-Management;ThisMean
Strategy-Management;TitOStel
Strategy-Management;TlandryD
Strategy-Management;ToServPr
Strategy-Management;TotalCon
Strategy-Management;TotalMay
Strategy-Management;Traders
Strategy-Management;Transarc
Strategy-Management;TranTDLX
Strategy-Management;Twilit2k
Strategy-Management;UltiDoma
Strategy-Management;UltimNFL
Strategy-Management;UltMis96
Strategy-Management;UnchWat1
Strategy-Management;UnchWat2
Strategy-Management;Unnatura
Strategy-Management;UtoptCoN
Strategy-Management;VicODef
Strategy-Management;Vikings-
Strategy-Management;Vikings
Strategy-Management;VVUtahB
Strategy-Management;WallRome
Strategy-Management;WarCon
Strategy-Management;WarCon2
Strategy-Management;WarcrafD
Strategy-Management;WarCraft
Strategy-Management;WarDiary
Strategy-Management;Warhamme
Strategy-Management;WarInc
Strategy-Management;Warlords
Strategy-Management;Warlrd2D
Strategy-Management;Warofthe
Strategy-Management;Warpath
Strategy-Management;warplan
Strategy-Management;Waterwor
Strategy-Management;WEmpire
Strategy-Management;WhenTwoW
Strategy-Management;WildWest
Strategy-Management;WingComm
Strategy-Management;WoodenSh
Strategy-Management;WorEmp2
Strategy-Management;WorEmp4
Strategy-Management;WorldatW
Strategy-Management;WorldEmp
Strategy-Management;XCOMAp
Strategy-Management;XCOMTe
Strategy-Management;XCOMUF
Strategy-Management;Yitian
Strategy-Management;Z1996
Strategy-Management;Zapitali
Strategy-Management;Q!Zone
VsFighting;BattleBe
VsFighting;Battleo
VsFighting;BattleWr
VsFighting;Battling
VsFighting;BattoMA
VsFighting;BigBumps
VsFighting;BotFloor
VsFighting;BrudalBa
VsFighting;BSASWres
VsFighting;BudokanT
VsFighting;Bushido
VsFighting;CatFight
VsFighting;Cathedra
VsFighting;Cheonha
VsFighting;CreepCla
VsFighting;ExpectNo
VsFighting;eyeotyp
VsFighting;Fighte93
VsFighting;FightNJo
VsFighting;FiteDrag
VsFighting;FiteTSP
VsFighting;FXFighte
VsFighting;gladi92
VsFighting;GreatFit
VsFighting;Jinyong
VsFighting;Kakoong
VsFighting;LowBlow
VsFighting;MetalLac
VsFighting;MutntDNA
VsFighting;OneMustF
VsFighting;Overki96
VsFighting;PopEye3
VsFighting;PrayforD
VsFighting;Resurrec
VsFighting;RFight95
VsFighting;SalcMort
VsFighting;SangoFi2
VsFighting;SangoFig
VsFighting;SangoFly
VsFighting;SavageWa
VsFighting;SC2Plus
VsFighting;ShaoCK
VsFighting;Sobor
VsFighting;StormyWo
VsFighting;Sumo99
VsFighting;SupApocW
VsFighting;SuperKid
VsFighting;Theatreo
VsFighting;TimeSlau
VsFighting;TimeWarr
VsFighting;Tongueof
VsFighting;ToughGuy
VsFighting;UnlWarr
VsFighting;ViolFigh
VsFighting;ViolMyth
VsFighting;ViolVeng
VsFighting;Xenophag
